time,current_C1,legacy_C1,diff_C1,current_C2,legacy_C2,diff_C2,current_C3,legacy_C3,diff_C3,current_Q,legacy_Q,diff_Q,current_Cmix,legacy_Cmix,diff_Cmix,current_cO,legacy_cO,diff_cO
0.0,280.0,280.0,0.0,280.0,280.0,0.0,280.0,280.0,0.0,439.22133585779926,166.20202691696903,273.01930894083023,280.0,280.0,0.0,0.0,0.0,0.0
10.0,280.11296161541884,280.1652309748378,-0.05226935941897182,280.1129496550322,280.16521906218003,-0.05226940714783268,280.11295478661486,280.1652241732378,-0.052269386622924685,439.22133585779926,166.20202691696903,273.01930894083023,280.11250251722225,280.1647767270677,-0.05227420984545006,0.10787406539766625,0.039995034619902475,0.06787903077776378
20.0,280.11646165831013,280.2719346374903,-0.15547297918016056,280.11644051287556,280.27191377939596,-0.15547326652040283,280.11644951784933,280.2719226611828,-0.15547314333349505,300.4603412527798,167.48562844477857,132.97471280800124,280.11599806687235,280.2714855785571,-0.15548751168472563,0.18928505034844798,0.06740806860299141,0.12187698174545657
30.0,280.07648663096853,280.3431140885334,-0.26662745756487993,280.0764583009401,280.3430865007584,-0.26662819981828534,280.0764702844899,280.34309816738255,-0.26662788289263517,300.4603412527798,167.48562844477857,132.97471280800124,280.07601554227216,280.3426680722923,-0.266652530020167,0.2192687212547196,0.08760907118967992,0.13165965006503969
40.0,280.0199635414403,280.39063524316094,-0.3706717017206529,280.0199295166333,280.39060257448557,-0.37067305785228655,280.0199438225474,280.39061630377614,-0.3706724812287234,48.16077541183502,401.19652605274644,-353.03575064091143,280.0194841955175,280.39019093415715,-0.3707067386396261,0.24463231566296137,0.10274685297514853,0.14188546268781282
50.0,279.9731828492026,280.3913573151402,-0.418174465937625,279.97314427021456,280.39132076962807,-0.4181764994135051,279.97316040432963,280.3913360429012,-0.4181756385715403,48.16077541183502,401.19652605274644,-353.03575064091143,279.9726967349996,280.39091101699603,-0.41821428199642696,0.19880707011513007,0.17522946732544512,0.02357760278968496
60.0,279.9582159462732,280.33975613804927,-0.38154019177608234,279.9581737592785,280.3397165136818,-0.38154275440331276,279.95819131833696,280.3397329937606,-0.38154167542364803,107.76304992394276,209.55840003001072,-101.79535010606796,279.95772650829565,280.33930341636164,-0.38157690806599476,0.16019772171468336,0.23433589374781205,-0.0741381720331287
70.0,279.9656812994651,280.2715481901102,-0.3058668906451203,279.96563630737944,280.27150602079473,-0.3058697134152908,279.96565495433254,280.27152348707824,-0.3058685327457056,107.76304992394276,209.55840003001072,-101.79535010606796,279.9651910427681,280.2710877796151,-0.30589673684698937,0.1442495324157388,0.23322327271775053,-0.08897374030201174
80.0,279.9856605337057,280.20679509630196,-0.22113456259626219,279.98561339864233,280.2067507900632,-0.22113739142088207,279.9856328597151,280.20676907703273,-0.22113621731762123,193.7961251832395,230.04599030635447,-36.24986512311497,279.9851709685217,280.2063275340166,-0.22115656549493679,0.1314178098879448,0.23222353820460917,-0.10080572831666437
90.0,280.0045678385187,280.1435020844149,-0.13893424589616643,280.00451909185955,280.14345596448464,-0.13893687262509502,280.0045391507936,280.1434749431467,-0.13893579235309517,193.7961251832395,230.04599030635447,-36.24986512311497,280.00407915258427,280.14302767888313,-0.13894852629886145,0.14368279397008504,0.2368533829701532,-0.09317058900006817
100.0,280.01280482286995,280.0801575188295,-0.06735269595952786,280.0127548568812,280.0801098368998,-0.06735498001859241,280.0127753574653,280.0801294085912,-0.06735405112590342,194.20296000994463,169.32347815200416,24.879481857940476,280.012316236306,280.0796764001035,-0.06736016379750254,0.15350968222074188,0.2408211332687646,-0.08731145104802271
110.0,280.0130373086594,280.0223075957235,-0.009270287064055083,280.01298640541967,280.02225855201226,-0.009272146592593344,280.0130072381938,280.02227863945575,-0.009271401261969459,194.20296000994463,169.32347815200416,24.879481857940476,280.0125482309101,280.0218203785261,-0.009272147616002258,0.16156420548338937,0.22795840517900465,-0.06639419969561527
120.0,280.00721045743825,279.9743625231482,0.0328479342900323,280.007158818996,279.9743122943542,0.032846524641797714,280.00717990781015,279.9743328295375,0.03284707827265265,161.06987334019857,160.41195675216096,0.6579165880376081,280.0067204360288,279.97387022064413,0.03285021538465571,0.1681251838274032,0.21696590987420417,-0.04884072604680095
130.0,280.00048214638736,279.9359138611542,0.06456828523317881,280.0004299200359,279.93586260766597,0.06456731236994528,280.0004512109815,279.9358835288071,0.06456768217441322,161.06987334019857,160.41195675216096,0.6579165880376081,279.99999117631205,279.9354174395197,0.06457373679234024,0.16474724835141286,0.2052554580321323,-0.04050820968071944
140.0,279.99653206149674,279.9064836589977,0.09004840249906465,279.99647936585035,279.9064315281698,0.09004783768057223,279.9965008160487,279.9064527783936,0.0900480376550945,156.48902849376643,136.00692633056934,20.482102163197084,279.9960404650914,279.9059840334334,0.09005643165801303,0.16198434608253676,0.19538318887424871,-0.03339884279171196
150.0,279.99533866120356,279.8872665579239,0.10807210327965322,279.9952855948647,279.8872136865666,0.10807190829808633,279.99530716888023,279.88723521291774,0.10807195596248675,156.48902849376643,136.00692633056934,20.482102163197084,279.9948467477223,279.88676474757557,0.1080820001467373,0.15852264243551895,0.18063544141702345,-0.022112798981504506
160.0,279.9968232454447,279.87911498040035,0.11770826504437082,279.9967698918095,279.87906150173205,0.11770839007743916,279.99679155973365,279.87908325226607,0.11770830746758065,167.66246315874952,142.02551800851504,25.63694515023448,279.9963313087874,279.8786120824635,0.11771922632385667,0.15570589707607932,0.16840644762389756,-0.01270055054781824
170.0,279.99910283815746,279.8795482622545,0.11955457590295282,279.9990492666032,279.87949430371464,0.11955496288857148,279.99907100368716,279.8795162285437,0.11955477514345603,167.66246315874952,142.02551800851504,25.63694515023448,279.998610990619,279.8790451411607,0.11956584945829718,0.1563596525488719,0.15994988069845867,-0.0035902281495867605
180.0,280.00078847688985,279.8863490668186,0.11443941007127023,280.00073474082654,279.88629474506587,0.11443999576067654,280.0007565284311,279.8863167985656,0.11443972986552353,171.21326666259523,153.9053093855463,17.307957277048928,280.00029669280633,279.8858463754292,0.11445031737713407,0.1568903388086967,0.15305784383319418,0.0038324949755025317
190.0,280.00158805070413,279.89680587910914,0.10478217159499081,280.00153418995865,279.8967512972785,0.10478289268013441,280.001556014607,279.89677343928895,0.10478257531804047,171.21326666259523,153.9053093855463,17.307957277048928,280.00109627017576,279.89630401237224,0.10479225780352408,0.15825624208402356,0.15059302259192373,0.007663219492099832
200.0,280.001316143041,279.90876576511533,0.09255037792564735,280.0012621859629,279.90871100873517,0.0925511772277332,280.0012840385105,279.9087332063098,0.09255083220068627,167.71158484494387,162.31399237527012,5.397592469673754,280.000824282584,279.9082649084429,0.09255937414110349,0.15936672565625987,0.1486044165588438,0.010762309097416073
210.0,280.000616580947,279.92079859002195,0.07981799092505071,280.0005625476182,279.9207437277071,0.07981881991111095,280.0005844219442,279.92076595479386,0.07981846715034635,167.71158484494387,162.31399237527012,5.397592469673754,280.00012461208155,279.920298787713,0.07982582436852681,0.1593478436296749,0.14920660055789925,0.010141243071775663
220.0,279.9999598464384,279.93186377927765,0.06809606716075223,279.9999057522145,279.93180886265924,0.06809688955524962,279.99992764377424,279.9318311001147,0.06809654365952156,165.8544397953827,173.36114578236223,-7.50670598697954,279.99946778185654,279.9313649696868,0.0681028121697409,0.15933247545215237,0.14969430068535533,0.009638174766797042
230.0,279.999555278483,279.94078118994344,0.05877408853956467,279.9995011355798,279.94072625578065,0.05877487979915941,279.9995230407997,279.940748490455,0.05877455034470813,165.8544397953827,173.36114578236223,-7.50670598697954,279.99906314842,279.94028319467844,0.05877995374157763,0.15883072574251977,0.1529881720349185,0.0058425537076012835
240.0,279.9995479111921,279.94677353805116,0.05277437314094868,279.9994937299987,279.9467186080526,0.0527751219460697,279.99951564578026,279.9467408328678,0.05277481291244612,166.83414495770305,164.5366110949877,2.2975338627153405,279.99905575836533,279.94627609805013,0.05277966031519554,0.15842250364075372,0.15565570607506654,0.002766797565687179
250.0,279.99973790878164,279.9514960485561,0.048241860225516575,279.99968369812336,279.9514411341888,0.04824256393453652,279.99970562179084,279.95146334607807,0.048242275712766514,166.83414495770305,164.5366110949877,2.2975338627153405,279.99924575653165,279.9509990522617,0.04824670426995681,0.1583485180166625,0.15549837316825682,0.002850144848405678
260.0,279.9999763977974,279.95614886538095,0.04382753241645787,279.99992216476636,279.95609397449635,0.04382819027000551,279.9999440941863,279.956116171584,0.04382792260230417,167.66843867501245,175.94085598839212,-8.272417313379663,279.99948425463776,279.9556523109484,0.04383194368938348,0.15828835159571006,0.15536865506553793,0.002919696530172128
270.0,280.00015455196603,279.95938710724164,0.04076744472439486,280.0001003020892,279.95933224459077,0.0407680574984397,280.0001222356342,279.9593544260437,0.0407678095904771,167.66843867501245,175.94085598839212,-8.272417313379663,279.99966241548896,279.9588908670148,0.04077154847414022,0.15845915323406254,0.15826258336364282,0.00019656987041971608
280.0,280.00019564603565,279.9602892748624,0.03990637117323104,280.00014138331744,279.96023443890385,0.03990694441358755,280.0001633198763,279.9602566063429,0.03990671353341213,167.446611624702,161.89274588297383,5.553865741728174,279.9997035058341,279.9597931317773,0.03991037405677389,0.1585980609413364,0.16061755241662176,-0.002019491475285351
290.0,280.00015514977196,279.96098203407274,0.03917311569921367,280.0001008770523,279.9609272200167,0.039173657035632914,280.0001228158988,279.96094937622837,0.03917343967043507,167.446611624702,161.89274588297383,5.553865741728174,279.99966299992167,279.9604859657318,0.03917703418989049,0.15865261603833664,0.15883628827283433,-0.00018367223449769488
300.0,280.00007488034817,279.96300119108855,0.037073689259614184,280.00002059970205,279.962946397435,0.037074202267035616,280.0000425403425,279.9629685435969,0.03707399674561884,167.10649498726232,169.49154446330743,-2.3850494760451113,279.9995827183805,279.9625053198519,0.03707739852859504,0.1586969920099058,0.15738351117132665,0.0013134808385791563
310.0,280.0000034167664,279.96516751881416,0.03483589795223452,279.9999491297564,279.9651127464755,0.034836383280890004,279.9999710718393,279.9651348826049,0.03483618923439735,167.10649498726232,169.49154446330743,-2.3850494760451113,279.9995112444048,279.9646718593362,0.03483938506860795,0.15864350329128019,0.15820192658480156,0.0004415767064786247
320.0,279.99997548332686,279.9666211543917,0.03335432893516099,279.99992119125244,279.96656640292093,0.033354788331507734,279.9999431344757,279.9665885295325,0.03335460494321296,167.13260591583122,173.28125975771212,-6.1486538418809005,279.9994833053726,279.9661256404765,0.03335766489612979,0.1585999944657704,0.15886910381729807,-0.00026910935152768545
330.0,279.9999787196348,279.96707507882996,0.032903640804818224,279.99992442359695,279.9670203459642,0.03290407763273606,279.999946367693,279.967042464275,0.032903903418002756,167.13260591583122,173.28125975771212,-6.1486538418809005,279.9994865396238,279.96657961688715,0.032906922736628985,0.1585714822046529,0.1604094718641228,-0.0018379896594699074
340.0,280.0000034799228,279.96634786739503,0.03365561252775251,279.99994918083945,279.96629314851606,0.03365603232339254,279.99997112557935,279.9663152606853,0.03365586489405814,167.26077351963693,166.45443774800603,0.8063357716308985,279.9995113003862,279.96585234556187,0.033658954824318243,0.1585482912444235,0.1616649347496821,-0.003116643505258615
350.0,280.0000300572197,279.96548318420446,0.03454687301524473,279.99997575583734,279.9654284738855,0.03454728195185908,279.99999770103346,279.96545058235273,0.03454711868073446,167.26077351963693,166.45443774800603,0.8063357716308985,279.99953787876774,279.964987586582,0.03455029218571326,0.1585631865442535,0.16089023294554886,-0.0023270464012953573
360.0,280.00004423603616,279.9652383835359,0.034805852500255696,279.9999899329144,279.96518367856595,0.03480625434843887,280.00001187843355,279.96520578476355,0.03480609366999943,167.27194770458541,161.29963159939342,5.972316105191993,279.9995520578483,279.9647427659272,0.03480929192107851,0.15857530175107318,0.16025720683802355,-0.0016819050869503749
370.0,280.0000473451653,279.9660721925979,0.03397515256739325,279.99999304071105,279.9660174923372,0.033975548373859965,280.0000149864647,279.9660395965627,0.033975389901968356,167.27194770458541,161.29963159939342,5.972316105191993,279.9995551664575,279.9655766544082,0.03397851204931612,0.15858809902049661,0.15838452827799968,0.00020357074249693907
380.0,280.00004060781083,279.96829657062176,0.03174403718907115,279.99998630231477,279.9682418778657,0.031744424449072994,280.0000082482469,279.96826397893295,0.031744269313946916,167.2270255506169,172.9475849888998,-5.720559438282891,279.99954842784547,279.9678012422383,0.03174718560717338,0.158598508002387,0.15686004613032142,0.0017384618720655831
390.0,280.0000314221701,279.97024729717,0.029784125000105632,279.9999771158418,279.9701926158836,0.029784499958168453,279.99999906191726,279.9702147121206,0.029784349796670995,167.2270255506169,172.9475849888998,-5.720559438282891,279.9995392408458,279.96975215591465,0.029787084931172103,0.15859514238302994,0.15868572907294717,-9.058668991723806e-5
400.0,280.00002516726187,279.97072947555415,0.029295691707716287,279.99997086026747,279.97067480598855,0.029296054278916017,279.99999280645875,279.97069689733365,0.029295909125096387,167.21570625608788,161.2123218548189,6.003384401268988,279.99953298495194,279.97023438542715,0.02929859952479319,0.15859240484950402,0.16017320107621238,-0.0015807962267083697
410.0,280.00002255242083,279.97141153624324,0.02861101617759232,279.99996824489733,279.9713568766166,0.028611368280735405,279.99999019118036,279.9713789638695,0.02861122731087562,167.21570625608788,161.2123218548189,6.003384401268988,279.9995303695456,279.9709165142529,0.028613855292690005,0.15858719679976865,0.15829470782000096,0.00029248897976769106
420.0,280.00002399971004,279.9734967398822,0.02652725982784432,279.9999696917739,279.97344209146553,0.02652760030838408,279.99999163812635,279.9734641740961,0.0265274640302664,167.2302557352653,168.48991085317599,-1.2596551179106825,279.9995318167161,279.9730019167824,0.02652989993373467,0.15858296069465241,0.156764051495464,0.0018189091991884232
430.0,280.00002692672206,279.97582341739997,0.02420350932209203,279.99997261847125,279.975768783446,0.024203835025275566,279.9999945648732,279.9757908600785,0.024203704794672376,167.2302557352653,168.48991085317599,-1.2596551179106825,279.9995347438062,279.9753288176684,0.02420592613776762,0.15858334734516272,0.15743493097265257,0.001148416372510147
440.0,280.00002944063397,279.97754162543794,0.022487815196029715,279.9999751321448,279.9774870075705,0.022488124574294943,279.99999707858086,279.97750907754437,0.022488001036492733,167.23672940066197,171.17408517223723,-3.9373557715752554,279.9995372578035,279.97704719353055,0.022490064272972177,0.15858366183633144,0.15798173493631248,0.0006019269000189509
450.0,280.0000308662518,279.9784645061049,0.02156636014689184,279.99997655758216,279.9784099039951,0.021566653587058227,279.9999985040416,279.97843196748767,0.021566536553962123,167.23672940066197,171.17408517223723,-3.9373557715752554,279.9995386834413,279.97797016826723,0.021568515174067215,0.1585856227343043,0.15913260422439388,-0.000546981490089582
460.0,280.0000307443815,279.97847677591574,0.02155396846575286,279.99997643557305,279.97842218708564,0.021554248487404948,279.9999983820493,279.9784442451871,0.02155413686216434,167.23247001084212,165.49063368077253,1.7418363300695887,279.999538561473,279.9779824464372,0.02155611503582122,0.15858721767897144,0.16006960710975823,-0.0014823894307867957
470.0,280.00002990749965,279.97843071199617,0.02159919550348377,279.99997559858144,279.97837613313845,0.021599465442989185,279.99999754507076,279.9783981872743,0.02159935779644684,167.23247001084212,165.49063368077253,1.7418363300695887,279.9995377244448,279.9779363834474,0.021601340997392526,0.15858739308620387,0.15933617422296045,-0.0007487811367565822
480.0,280.00002897152274,279.97894321936,0.021085752162719018,279.9999746625171,279.9788886488626,0.021086013654496583,279.9999966090171,279.9789106997094,0.0210859093077147,167.229422942054,169.00417008761127,-1.774747145557285,279.99953678832657,279.9784489426757,0.021087845650868076,0.15858753575824525,0.15873784467233115,-0.00015030891408590596
490.0,280.00002831689073,279.9794850144704,0.020543302420321652,279.99997400781496,279.9794304519252,0.02054355588973067,279.99999595432365,279.97945249963675,0.02054345468690144,167.229422942054,169.00417008761127,-1.774747145557285,279.9995361335898,279.9789907923265,0.020545341263300543,0.15858684923586566,0.15917581023375882,-0.0005889609978931565
500.0,280.0000282103708,279.979672022217,0.020356188153755284,279.99997390123946,279.9796174666957,0.02035643454377123,279.99999584775514,279.9796395116532,0.020356336101940542,167.23048406759096,168.8765640593443,-1.6460799917533393,279.9995360270252,279.9791778212306,0.020358205794593687,0.15858629083520387,0.15953302563958197,-0.0009467348043780965
510.0,280.00002840987753,279.97959568097286,0.020432728904665964,279.9999741007033,279.9795411310088,0.020432969694525127,279.9999960472241,279.9795631738235,0.020432873400579865,167.23048406759096,168.8765640593443,-1.6460799917533393,279.9995362265235,279.9791014759484,0.020434750575077487,0.15858611613595153,0.15979019652046922,-0.0012040803845176917
520.0,280.0000287339261,279.9793280600995,0.02070067382663865,279.9999744247191,279.97927351401154,0.020700910707546427,279.9999963712434,279.9792955553817,0.02070081586168726,167.23176602668735,166.96654088061413,0.26522514607322023,279.99953655058135,279.97883383241503,0.0207027181663193,0.15858597403991276,0.1599995456631247,-0.0014135716232119289
530.0,280.0000290047777,279.97913171865537,0.020897286122306014,279.99997469554603,279.97907717492234,0.020897520623691435,279.9999966420724,279.97909921547307,0.020897426599333357,167.23176602668735,166.96654088061413,0.26522514607322023,279.99953682144235,279.97863747401516,0.02089934742718924,0.1585861961180083,0.15966714161141102,-0.0010809454934027074
540.0,280.0000290959085,279.97919521936865,0.02083387653982527,279.99997478665796,279.97914067732705,0.020834109330905903,279.999996733186,279.9791627173131,0.02083401587287881,167.23158602916058,167.48891228271978,-0.25732625355919936,279.9995369125696,279.9787009815046,0.020835931065050772,0.15858637675082624,0.15939606441497192,-0.0008096876641456863
550.0,280.00002906689446,279.9794014561723,0.02062761072215835,279.9999747576294,279.9793469158134,0.020627841816008186,279.99999670415826,279.97936895521093,0.020627748947333657,167.23158602916058,167.48891228271978,-0.25732625355919936,279.9995368835435,279.9789072383306,0.020629645212920877,0.15858647626351352,0.15931292793222737,-0.0007264516687138511
560.0,280.0000289634821,279.97966213331694,0.020366830165187366,279.9999746542055,279.9796075948378,0.020367059367742968,279.99999660073524,279.97962963354007,0.020366967195172947,167.23108966805665,166.5497281877838,0.6813614802728409,279.99953678011417,279.979167940641,0.02036883947317847,0.1585865572046872,0.15924538956813902,-0.0006588323634518223
570.0,280.00002886007604,279.9800711546734,0.019957705402646297,279.99997455079006,279.9800166184354,0.01995793235465726,279.9999964973206,279.98003865627396,0.019957841046618796,167.23108966805665,166.5497281877838,0.6813614802728409,279.9995366766925,279.9795770010533,0.01995967563919976,0.15858649230357624,0.1589432120340367,-0.00035671973046044747
580.0,280.00002881017986,279.98069290190415,0.01933590827570697,279.9999745008864,279.98063836868175,0.01933613220467123,279.9999964474175,279.98066040531563,0.019336042101883777,167.23107520553188,166.66500234170167,0.5660728638302146,279.9995366267869,279.980198807465,0.019337819321890493,0.15858643951460613,0.1586971263504946,-0.00011068683588846828
590.0,280.00002880408016,279.9814628624771,0.01856594160307168,279.9999744947809,279.9814083333061,0.018566161474780074,279.9999964413125,279.9814303682849,0.018566073027557195,167.23107520553188,166.66500234170167,0.5660728638302146,279.9995366206829,279.9809688415073,0.018567779175555188,0.15858639276806807,0.15852728295782742,5.910981024065398e-5
600.0,280.0000288337328,279.9823304284126,0.017698405320231814,279.9999745244289,279.98227590438665,0.01769862004226752,279.9999964709608,279.98229793724647,0.017698533714337827,167.23125381411177,167.18033315491815,0.05092065919362199,279.99953665033536,279.9818364905371,0.017700159798266668,0.15858635474558508,0.15838917077762235,0.0001971839679627274
610.0,280.0000288704478,279.9832082476966,0.016820622751197334,279.9999745611405,279.98315372981625,0.01682083132425305,279.9999965076726,279.98317576013665,0.016820747535973624,167.23125381411177,167.18033315491815,0.05092065919362199,279.9995366870516,279.98271439442095,0.016822292630649827,0.1585863708627909,0.15841246751609578,0.0001739033466951201
620.0,280.00002889342363,279.984032435842,0.015996457581650247,279.9999745841137,279.98397792479653,0.01599665931718164,279.999996530646,279.9839999522945,0.01599657835151902,167.2312879012292,165.6741935227692,1.5570943784599933,279.9995367100278,279.983538662561,0.015998047466837306,0.15858638397212885,0.15843153543514701,0.0001548485369818331
630.0,280.00002890157276,279.98498199542985,0.015046906142913485,279.99997459226086,279.98492749178297,0.015047100477886488,279.99999653879325,279.9849495162299,0.01504702256335122,167.2312879012292,165.6741935227692,1.5570943784599933,279.9995367181764,279.98448831399014,0.015048404186245534,0.1585864036131554,0.15805069111341072,0.0005357124997446838
640.0,280.0000288944718,279.98618304468425,0.013845849787571751,279.99997458515844,279.98612854941945,0.013846035738993123,279.9999965316909,279.98615057040723,0.01384596128366411,167.2312282913514,166.6872988029888,0.5439294883626076,279.99953671107386,279.9856894789226,0.0138472321512495,0.15858641958868275,0.15774069807550406,0.0008457215131786877
650.0,280.00002888240397,279.9874543377777,0.012574544626261286,279.99997457308945,279.98739985208425,0.012574721005194078,279.9999965196219,279.98742186911727,0.012574650504632245,167.2312282913514,166.6872988029888,0.5439294883626076,279.99953669900407,279.9869608948886,0.01257580411544268,0.15858641688212338,0.1577552885515788,0.0008311283305445782
660.0,280.0000288728839,279.98866242691315,0.01136644597073655,279.9999745635684,279.9886079516576,0.011366611910773372,279.9999965101009,279.98862996438504,0.011366545715873144,167.2312062483136,167.1877439091433,0.043462339170304176,279.9995366894825,279.9881691015003,0.011367587982192617,0.15858641468067458,0.1577673874911511,0.0008190271895234802
670.0,280.0000288679672,279.98975425290394,0.01027461506328109,279.9999745586508,279.98969978856127,0.010274770089552021,279.99999650518333,279.98972179679936,0.010274708383974485,167.2312062483136,167.1877439091433,0.043462339170304176,279.9995366845648,279.9892610344719,0.010275650092921751,0.15858640708414923,0.15790889655281373,0.0006775105313354957
680.0,280.0000288690205,279.9906936514956,0.009335217524949257,279.9999745597036,279.9906391980807,0.009335361622902383,279.999996506236,279.9906612018417,0.009335304394312516,167.2312244220731,164.92876475767133,2.3024596644017663,279.99953668561784,279.9902005259287,0.009336159689155465,0.15858640090532258,0.15802404388063396,0.0005623570246886256
690.0,280.000028872627,279.991767732747,0.00826113988000543,279.99997456330954,279.9917132901594,0.008261273150139914,279.99999650984216,279.99173528949984,0.008261220342319575,167.2312244220731,164.92876475767133,2.3024596644017663,279.9995366892243,279.9912747123686,0.008261976855749253,0.158586400666408,0.15752326219882135,0.001063138467586655
700.0,280.0000288762676,279.993180478741,0.006848397526596273,279.99997456694996,279.9931260476163,0.006848519333686909,279.9999965134825,279.9931480422728,0.006848471209650597,167.23123538953405,167.81167836341967,-0.5804429738856243,279.99953669286515,279.99268759528627,0.006849097578879082,0.15858640047208075,0.15711575688019813,0.00147064359188262
710.0,280.00002887864207,279.99451323952576,0.005515639116310922,279.9999745693241,279.9944588207752,0.005515748548873489,279.9999965158566,279.9944808103689,0.005515705487709965,167.23123538953405,167.81167836341967,-0.5804429738856243,279.9995366952396,279.99402048621226,0.0055162090273483955,0.15858640320274195,0.15754309788932183,0.0010433053134201176
720.0,280.0000288788456,279.9954650391474,0.0045638396982212726,279.99997456952764,279.99541063274626,0.004563936781380562,279.9999965160601,279.995432617302,0.004563898758078722,167.23123053390236,165.2729222264776,1.9583083074247725,279.9995366954431,279.9949723806506,0.00456431479250341,0.15858640542379449,0.15789103249980366,0.000695372923990828
730.0,280.00002887791425,279.99640597273066,0.003622905183590319,279.9999745685961,279.9963515780847,0.003622990511360058,279.99999651512854,279.9963735578676,0.003622957260915882,167.23123053390236,165.2729222264776,1.9583083074247725,279.9995366945115,279.9959134076057,0.003623286905792611,0.15858640595141799,0.15750584874474755,0.0010805572066704405
740.0,280.0000288766201,279.9976029135043,0.002425963115797458,279.9999745673019,279.99754853060705,0.0024260366948283263,279.9999965138342,279.99757050562596,0.002426008208260555,167.23122575261647,166.48009508814349,0.7511306644729814,279.9995366932172,279.9971104654856,0.0024262277315756364,0.15858640638057395,0.15719222936450114,0.0013941770160728062
750.0,280.0000288756044,279.99885082110296,0.0011780545014516974,279.9999745662861,279.9987964503652,0.0011781159208794634,279.99999651281837,279.99881842044766,0.0011780923707078728,167.23122575261647,166.48009508814349,0.7511306644729814,279.9995366922013,279.9983584951967,0.0011781970045490198,0.15858640547029482,0.15725500116962765,0.001331404300667166
760.0,280.00002887532156,279.99999962203736,2.925328419678408e-5,279.999974566003,279.99994526364395,2.9302359052962856e-5,279.9999965125354,279.9999672287154,2.9283820026648755e-5,167.2312267512156,161.74430004933504,5.486926701880549,279.9995366919183,279.9995074091562,2.9282762113780336e-5,0.15858640472989616,0.15730628443807276,0.0012801202918233945
770.0,280.00002887549726,280.0016111259197,-0.0015822504224161094,279.99997456617865,280.0015567802675,-0.001582214088841738,279.99999651271105,280.0015787401609,-0.0015822274498304978,167.2312267512156,161.74430004933504,5.486926701880549,279.99953669209407,280.0011190689262,-0.0015823768321183707,0.15858640439069538,0.15610220249807344,0.00248420189262194
780.0,280.00002887592336,280.0040815200248,-0.00405264410142081,279.9999745666048,280.0040271893094,-0.004052622704591613,279.99999651313715,280.00404914308984,-0.004052629952695952,167.23122865532798,175.74723724665378,-8.5160085913258,279.99953669252017,280.0035896997009,-0.004053007180743862,0.15858640411479782,0.1551236734053103,0.0034627307094875215
790.0,280.000028876322,280.0055749032502,-0.00554602692818662,279.99997456700333,280.00552058957265,-0.005546022569319575,279.9999965135358,280.00554253635613,-0.005546022820340113,167.23122865532798,175.74723724665378,-8.5160085913258,279.9995366929188,280.0050832308553,-0.0055465379364818546,0.15858640439191418,0.15801211493301612,0.000574289458898064
800.0,280.000028876494,280.004804809966,-0.004775933471989902,279.9999745671751,280.0047505101704,-0.004775942995308924,279.9999965137076,280.00477245133976,-0.004775937632189198,167.2312285983061,170.81987741985168,-3.5886488215455756,279.9995366930907,280.0043130740082,-0.004776380917519418,0.15858640461731377,0.160362737029844,-0.0017763324125302238
810.0,280.0000288764943,280.00285343645623,-0.0028245599619367567,279.9999745671754,280.0027991437605,-0.0028245765851124816,279.99999651370786,280.0028210822299,-0.0028245685220440464,167.2312285983061,170.81987741985168,-3.5886488215455756,279.999536693091,280.00236152361293,-0.002824830521944932,0.15858640478562927,0.16097920945276867,-0.0023928046671393977
820.0,280.0000288763667,280.00051885573265,-0.0004899793659660645,279.99997456704784,280.0004645632973,-0.0004899962494846477,279.99999651358036,280.0004865019633,-0.0004899883829239116,167.23122789530817,189.18152234238778,-21.950294447079614,279.99953669296343,280.0000267268776,-0.0004900339141613586,0.15858640492253287,0.16148042981818983,-0.0028940248956569603
830.0,280.0000288762215,279.9958329143103,0.004195961911193535,279.99997456690255,279.9957786142203,0.004195952682266579,279.99999651343495,279.99580055641457,0.0041959570203857766,167.23122789530817,189.18152234238778,-21.950294447079614,279.9995366928181,279.9953403482009,0.004196344617184877,0.1585864048487241,0.1667278314558782,-0.008141426607154084
840.0,280.0000288761383,279.9874721345366,0.012556741601713384,279.99997456681933,279.9874178122725,0.012556754546835691,279.9999965133517,279.98743976413044,0.012556749221232621,167.2312278024029,145.44339829706678,21.787829505336134,279.9995366927348,279.98697878282405,0.012557909910754006,0.15858640478868993,0.1710263260526952,-0.012439921264005255
850.0,280.00002887611464,279.9811509454729,0.01887793064173593,279.9999745667957,279.9810965862009,0.018877980594766086,279.9999965133282,279.9811185539261,0.01887795940211845,167.2312278024029,145.44339829706678,21.787829505336134,279.9995366927112,279.9806569872456,0.01887970546562201,0.1585864047153892,0.1630088808105456,-0.004422476095156391
860.0,280.0000288761477,279.98107990673685,0.01894896941087154,279.99997456682877,279.9810255115202,0.018949055308553397,279.9999965133612,279.9810474944403,0.018949018920920935,167.2312280437558,172.643739994484,-5.412511950728202,279.9995366927443,279.9805859218701,0.018950770874198497,0.15858640465576826,0.15644655605816124,0.002139848597607019
870.0,280.000028876197,279.9828630414074,0.017165834789580003,279.999974566878,279.98280862193394,0.01716594494405399,279.99999651341045,279.9828306148801,0.01716589853037931,167.2312280437558,172.643739994484,-5.412511950728202,279.9995366927935,279.9823692092685,0.017167483525042826,0.158586404670844,0.15826606749967548,0.00032033717116852767
880.0,280.00002887623265,279.9831834054046,0.016845470828059206,279.99997456691364,279.98312896952604,0.01684559738760072,279.99999651344615,279.9831509690814,0.016845544364741727,167.2312281166082,155.62905741162692,11.60217070498129,279.9995366928292,279.98268959448075,0.016847098348478085,0.1585864046831063,0.15975167662851328,-0.0011652719454069704
890.0,280.00002887624925,279.9843211353081,0.01570774094113858,279.99997456693023,279.9842666876871,0.015707879243109346,279.9999965134627,279.98428869185267,0.01570782161002171,167.2312281166082,155.62905741162692,11.60217070498129,279.9995366928458,279.9838274229439,0.01570926990194721,0.15858640471226876,0.15648232839523954,0.0021040763170292187
900.0,280.000028876243,279.9879198778617,0.012108998381279434,279.999974566924,279.9878654271174,0.012109139806568692,279.99999651345644,279.98788743222224,0.012109081234200403,167.23122804053617,160.35138980329793,6.879838237238232,279.99953669283957,279.9874264967348,0.012110196104742954,0.15858640473598876,0.15382284811063934,0.004763556625349413
910.0,280.0000288762277,279.9928732656281,0.007155610599625106,279.9999745669087,279.9928188232367,0.007155743672001336,279.99999651344115,279.9928408244283,0.007155689012847688,167.23122804053617,160.35138980329793,6.879838237238232,279.9995366928243,279.99238034761527,0.007156345209011761,0.15858640473524535,0.1529085794685765,0.005677825266668851
920.0,280.00002887621355,279.9983337625883,0.0016951136252600918,279.9999745668946,279.9982793393965,0.00169522749808948,279.99999651342705,279.99830133214203,0.0016951812850152237,167.23122800133504,168.70661860077956,-1.4753905994445233,279.9995366928101,279.9978413604345,0.0016953323756183636,0.15858640473464075,0.15216964575409575,0.006416758980545001
930.0,280.00002887620514,280.0031610159197,-0.003132139714580262,279.9999745668861,280.0031066205146,-0.0031320536284624723,279.99999651341864,280.00312860128656,-0.003132087867925293,167.23122800133504,168.70661860077956,-1.4753905994445233,279.99953669280166,280.00266907591674,-0.003132383115087123,0.15858640472382377,0.15376668843666527,0.004819716287158493
940.0,280.0000288762051,280.0065528331288,-0.006523956923729202,279.9999745668861,280.0064984691481,-0.006523902261960757,279.9999965134187,280.0065204365558,-0.006523923137081056,167.23122802304047,171.91729702694275,-4.686069003902276,279.9995366928017,280.0060612241657,-0.006524531363993447,0.15858640471502555,0.15506193839248505,0.003524466322540498
950.0,280.0000288762092,280.00843521217837,-0.00840633596914131,279.9999745668903,280.00838087901695,-0.00840631212668086,279.99999651342296,280.0084028334738,-0.008406320050823979,167.23122802304047,171.91729702694275,-4.686069003902276,279.9995366928059,280.0079437942197,-0.00840710141380896,0.15858640471358632,0.15695635292569476,0.001630051787891551
960.0,280.0000288762144,280.0087916244378,-0.008762748223375638,279.99997456689545,280.0087373177669,-0.008762750871426306,279.9999965134281,280.00875926124405,-0.008762747815978855,167.23122804070042,168.6180341712275,-1.3868061305270771,279.99953669281103,280.00830025378235,-0.008763560971317474,0.15858640471241564,0.15849541774283457,9.098696958106944e-5
970.0,280.0000288762182,280.00834272770106,-0.008313851482853352,279.99997456689925,280.00828844123043,-0.00831387433117925,279.9999965134318,280.0083103764903,-0.008313863058447168,167.23122804070042,168.6180341712275,-1.3868061305270771,279.9995366928149,280.0078513262449,-0.008314633430018148,0.15858640471611493,0.1588784926677927,-0.0002920879516777608
980.0,280.000028876219,280.0076222224539,-0.00759334623489849,279.99997456690005,280.00756795021135,-0.007593383311302659,279.9999965134327,280.0075898798288,-0.007593366396122292,167.23122804070042,169.72416136334294,-2.4929333226425285,279.99953669281564,280.00713076189106,-0.007594069075423704,0.1585864047191238,0.15918934946851318,-0.000602944749389378
990.0,280.0000288762176,280.0065687519791,-0.006539875761518488,279.99997456689863,280.00651448864465,-0.006539921746025357,279.9999965134312,280.0065364148796,-0.00653990144837735,167.23122804070042,169.72416136334294,-2.4929333226425285,279.9995366928142,280.0060771987019,-0.006540505887699055,0.1585864047215711,0.15973348736355464,-0.0011470826419835434
1000.0,280.0000288762143,280.00514654318084,-0.005117666966555134,279.9999745668953,280.0050922837141,-0.0051177168188019095,279.99999651342785,280.00511420867946,-0.005117695251612986,167.23122802135256,169.37266213023233,-2.141434108879764,279.99953669281086,280.0046548603454,-0.005118167534533313,0.15858640472356172,0.16017673010795666,-0.001590325384394936
1010.0,280.0000288762119,280.0034878983156,-0.003459022103697862,279.9999745668928,280.00343363806405,-0.003459071171278083,279.99999651342534,280.00345556369,-0.00345905026466653,167.23122802135256,169.37266213023233,-2.141434108879764,279.9995366928084,280.00299606152265,-0.003459368714231914,0.15858640472008478,0.16044515670988646,-0.0018587519898016769
1020.0,280.0000288762122,280.0016945833436,-0.0016657071313943561,279.9999745668931,280.0016403182719,-0.0016657513787663447,279.9999965134257,280.00166224621205,-0.0016657327863640603,167.23122802135256,163.81219085552374,3.4190371658288257,279.99953669280876,280.0012025779656,-0.0016658851568536193,0.1585864047172567,0.16066373743660142,-0.00207733271934471
1030.0,280.0000288762146,280.00044494395564,-0.0004160677410141034,279.99997456689556,280.00039067121475,-0.0004161043191857061,279.9999965134281,280.000412602609,-0.0004160891809306122,167.23122802135256,163.81219085552374,3.4190371658288257,279.99953669281115,279.99995281858975,-0.0004161257785995076,0.15858640471495644,0.15937767282837995,-0.0007912681134235044
1040.0,280.00002887621866,280.0002212688882,-0.00019239266953263723,279.99997456689965,280.000166988501,-0.0001924216013549085,279.99999651343217,280.00018892325727,-0.0001924098251038231,167.23122804549197,170.56711758388178,-3.3358895383898073,279.99953669281524,279.99972911863233,-0.00019242581709022488,0.1585864047130854,0.15832944483320302,0.0002569598798823902
1050.0,280.0000288762212,280.00002578749275,3.0887284765412915e-6,279.9999745669022,279.9999715010085,3.0658937362204597e-6,279.9999965134346,279.99999343840074,3.0750338737561833e-6,167.23122804549197,170.56711758388178,-3.3358895383898073,279.99953669281774,279.99953361609863,3.0767191105951497e-6,0.1585864047179217,0.15925455175404432,-0.0006681470361226127
1060.0,280.00002887622,279.9991358953817,0.0008929808382731608,279.99997456690096,279.999081602779,0.0008929641219879159,279.9999965134334,279.99910354277864,0.0008929706547746719,167.2312280322483,164.68900790968962,2.542220122558689,279.9995366928165,279.9986436384467,0.0008930543697829307,0.15858640472185542,0.16000893658386459,-0.0014225318620091632
1070.0,280.00002887621736,279.99838502073334,0.001643855484019241,279.99997456689835,279.99833072110283,0.0016438457955132435,279.9999965134308,279.9983526640689,0.0016438493619261862,167.2312280322483,164.68900790968962,2.542220122558689,279.99953669281393,279.99789269035637,0.0016440024575672396,0.15858640472156682,0.15907560432058135,-0.0004891995990145281
1080.0,280.0000288762151,279.99837361615005,0.0016552600650356908,279.99997456689607,279.99831931020856,0.001655256687513429,279.9999965134285,279.9983412558039,0.0016552576246340323,167.2312280322483,168.4784293497256,-1.247201317477277,279.99953669281166,279.9978812812503,0.0016554115613871545,0.15858640472133204,0.1583146688461104,0.00027173587522164033
1090.0,280.000028876213,279.99850464653537,0.0015242296776136754,279.999974566894,279.99845033604754,0.0015242308464848975,279.9999965134265,279.9984722834955,0.0015242299309647933,167.2312280322483,168.4784293497256,-1.247201317477277,279.99953669280956,279.9980123214308,0.0015243713787640445,0.15858640472114102,0.15869302788590686,-0.00010662316476584
1100.0,280.0000288762112,279.9983422095581,0.0016866666531427654,279.99997456689226,279.99828789547496,0.001686671417303387,279.9999965134247,279.9983098443643,0.0016866690604047108,167.2312280214797,166.3544691045971,0.8767589168826078,279.99953669280785,279.99784986753895,0.0016868252689050678,0.15858640472098567,0.15900168105299722,-0.00041527633201154934
1110.0,280.0000288762108,279.9981962830563,0.001832593154517781,279.9999745668919,279.99814196570316,0.0018326011887666027,279.9999965134243,279.9981639158977,0.0018325975266293426,167.2312280214797,166.3544691045971,0.8767589168826078,279.99953669280745,279.99770392571526,0.0018327670921962635,0.15858640471802296,0.1586937601416303,-0.00010735542360734707
1120.0,280.00002887621275,279.99829056876064,0.0017383074521148956,279.9999745668938,279.9982362488286,0.0017383180651791008,279.9999965134262,279.9982582000347,0.001738313391513202,167.23122803279819,166.54201764089143,0.6892103919067551,279.99953669280933,279.99779821873,0.0017384740793318088,0.1585864047156132,0.15844277355578787,0.00014363115982532482
1130.0,280.0000288762151,279.9985501582742,0.0014787179408699558,279.9999745668961,279.99849583679634,0.001478730099790937,279.9999965134285,279.99851778857897,0.0014787248495622407,167.23122803279819,166.54201764089143,0.6892103919067551,279.9995366928117,279.9980578314331,0.0014788613786436144,0.15858640471663432,0.15828800499993942,0.0002983997166949026
1140.0,280.00002887621656,279.9989168145144,0.0011120617021447288,279.9999745668976,279.99886249260754,0.001112074290062992,279.99999651342995,279.99888444449766,0.0011120689322865474,167.23122803279819,167.0532439789868,0.17798405381137172,279.99953669281314,279.9984245213777,0.0011121714354658252,0.15858640471746488,0.15816219683719254,0.000424207880272337
1150.0,280.00002887621736,279.99930530828965,0.0007235679277073359,279.9999745668984,279.9992509869981,0.00072357990029559,279.99999651343074,279.9992729385623,0.0007235748684593091,167.23122803279819,167.0532439789868,0.17798405381137172,279.99953669281393,279.99881305146073,0.0007236413532041297,0.15858640471814042,0.15819443057951638,0.00039197413862404606
1160.0,280.00002887621764,279.9996533183577,0.00037555785996801205,279.9999745668986,279.99959899843464,0.0003755684639372703,279.9999965134309,279.9996209493674,0.000375564063517686,167.23122803279819,167.82629672407853,-0.5950686912803462,279.99953669281416,279.9991610944844,0.00037559832975375684,0.15858640471868987,0.15822076046622055,0.00036564425246932153
1170.0,280.0000288762174,279.9998780589567,0.00015081726070320656,279.9999745668984,279.9998237408202,0.00015082607819749683,279.99999651343074,279.9998456909606,0.00015082247011832806,167.23122803279819,167.82629672407853,-0.5950686912803462,279.999536692814,279.9993858568763,0.00015083593768849823,0.15858640471913685,0.15844560145236639,0.00014080326677046173
1180.0,280.0000288762169,279.999922576299,0.00010629991788846382,279.99997456689783,279.9998682598588,0.00010630703906144845,279.9999965134303,279.99989020926245,0.00010630416784351837,167.23122803279819,166.5061312083335,0.7250968244646856,279.9995366928134,279.99943037926164,0.00010631355178247759,0.15858640471950036,0.15862863370534663,-4.2228985846270994e-5
1190.0,280.00002887621605,279.9999781381975,5.0738018558149633e-5,279.9999745668971,279.99992382312786,5.0743769236305525e-5,279.99999651342955,279.9999457719446,5.0741484926675184e-5,167.23122803279819,166.5061312083335,0.7250968244646856,279.9995366928127,279.9994859469921,5.0745820601605374e-5,0.15858640471979604,0.1584300654596936,0.00015633926010244492
1200.0,280.00002887621514,280.00018264750906,-0.00015377129392390998,279.9999745668962,280.00012833383573,-0.00015376693954749499,279.99999651342864,280.0001502820623,-0.0001537686336519073,167.23122803279819,168.30183223911786,-1.070604206319672,279.9995366928117,279.9996904759604,-0.00015378314867575682,0.15858640472003654,0.15826826277475473,0.00031814194528181905
1210.0,280.000028876214,280.0002950632865,-0.00026618707249781437,279.99997456689505,280.00024075116204,-0.0002661842669908765,279.9999965134275,280.00026269873916,-0.0002661853116592283,167.23122803279819,168.30183223911786,-1.070604206319672,279.9995366928106,279.9998029030315,-0.0002662102209001205,0.15858640472023217,0.15860924394426132,-2.283922402915306e-5
1220.0,280.0000288762128,280.0001435080128,-0.000114631799988274,279.99997456689385,280.00008919701975,-0.00011463012589274513,279.9999965134263,280.00011114413263,-0.00011463070632089511,167.23122803279819,167.1501601329648,0.08106789983338558,279.99953669280944,279.9996513343624,-0.00011464155295470846,0.1585864047203913,0.15888700284247148,-0.0003005981220801923
1230.0,280.00002887621145,279.9999197025286,0.00010917368285845441,279.9999745668925,279.99986539189103,0.00010917500145524173,279.99999651342495,279.99988733887415,0.000109174550800617,167.23122803279819,167.1501601329648,0.08106789983338558,279.9995366928081,279.999427508319,0.00010918448907659695,0.15858640472052069,0.15880984476321855,-0.00022344004269786444
1240.0,280.00002887621,279.99976383802766,0.00026503818236278676,279.99997456689107,279.99970952721014,0.0002650396809258382,279.9999965134235,279.9997314742893,0.0002650391342058356,167.2312280203665,167.08554892574296,0.14567909462354578,279.99953669280666,279.9992716292755,0.00026506353117383696,0.15858640472062596,0.15874680184277537,-0.00016039712214940827
1250.0,280.0000288762101,279.99966961781615,0.0003592583939280303,279.99997456689107,279.9996153065578,0.00035926033325495155,279.9999965134236,279.9996372538396,0.00035925958400184754,167.2312280203665,167.08554892574296,0.14567909462354578,279.9995366928067,279.9991774000944,0.0003592927122895162,0.15858640471743718,0.1586785130782349,-9.210836079773244e-5
1260.0,280.0000288762125,279.9996311078021,0.00039776841043703826,279.9999745668936,279.9995767960452,0.0003977708484512732,279.9999965134261,279.99959874354875,0.0003977698773383054,167.2312280338933,167.0971307169321,0.13409731696120275,279.9995366928092,279.99913888624343,0.0003978065657861407,0.1585864047148435,0.1586229496834047,-3.654496856120293e-5
1270.0,280.0000288762154,279.99963503540806,0.0003938408073622668,279.9999745668964,279.99958072322767,0.0003938436687462854,279.9999965134289,279.9996026709165,0.00039384251243745894,167.2312280338933,167.0971307169321,0.13409731696120275,279.999536692812,279.99914281398526,0.0003938788267419113,0.15858640471629673,0.15858080309570535,5.6016205913778094e-6
1280.0,280.000028876217,279.9996708149263,0.00035806129073989723,279.99997456689806,279.99961650246826,0.000358064429804017,279.99999651343046,279.9996384502758,0.0003580631546356017,167.2312280338933,167.06817579360848,0.16305224028482712,279.99953669281365,279.9991785966675,0.00035809614615800456,0.15858640471747867,0.15854652555583787,3.987916164080452e-5
1290.0,280.00002887621764,279.9997345078586,0.0002943683590501678,279.9999745668987,279.99968019530826,0.00029437159042799976,279.9999965134311,279.999702143154,0.000294370277060807,167.2312280338933,167.06817579360848,0.16305224028482712,279.9995366928142,279.99924229544695,0.000294397367269994,0.15858640471844007,0.1585110263172378,7.537840120228068e-5
1300.0,280.0000288762175,279.9998225817412,0.00020629447629971764,279.9999745668986,279.9997682693052,0.0002062975933654343,279.9999965134309,279.99979021709913,0.0002062963317825961,167.2312280338933,167.74629682929196,-0.5150687953986619,279.99953669281416,279.999330377545,0.00020631526916758958,0.15858640471922206,0.15848214758776133,0.00010425713146072768
1310.0,280.00002887621673,279.9998509710294,0.00017790518734273064,279.99997456689783,279.9997966588528,0.00017790804503192703,279.9999965134302,279.9998186065355,0.00017790689469165955,167.2312280338933,167.74629682929196,-0.5150687953986619,279.99953669281336,279.9993587696271,0.00017792318624287873,0.15858640471985813,0.1586371235295386,-5.0718809680466714e-5
1320.0,280.0000288762156,279.9997603565189,0.0002685196967036063,279.99997456689664,279.99970604445645,0.0002685224401943742,279.999996513429,279.99972799209104,0.0002685213379436391,167.2312280338933,166.95457523170117,0.27665280219213173,279.99953669281217,279.9992681468021,0.00026854601009063117,0.1585864047203755,0.15876333823737626,-0.00017693351700076576
1330.0,280.00002887621406,279.99966865315884,0.00036022305522465103,279.99997456689505,279.9996143409231,0.0003602259719741596,279.99999651342745,279.9996362886329,0.00036022479451958134,167.2312280338933,166.95457523170117,0.27665280219213173,279.9995366928106,279.9991764348351,0.0003602579755010993,0.1585864047207963,0.1586576354723023,-7.123075150600178e-5
1340.0,280.00002887621224,279.9996611334314,0.0003677427808383982,279.99997456689323,279.99960682094667,0.00036774594656208137,279.9999965134257,279.9996287687628,0.00036774466286715324,167.2312280225739,167.16085990453155,0.07036811804235299,279.9995366928088,279.999168914265,0.00036777854381853103,0.15858640472113855,0.15857146710159373,1.4937619544824754e-5
1350.0,280.0000288762116,279.9996956391623,0.00033323704928989173,279.99997456689266,279.9996413265329,0.00033324035973691934,279.99999651342506,279.99966327441024,0.0003332390148216291,167.2312280225739,167.16085990453155,0.07036811804235299,279.9995366928082,279.9992034231145,0.00033326969366953563,0.15858640471843555,0.1585556703392308,3.073437920475541e-5
1360.0,280.000028876213,279.9997406921196,0.00028818409339237405,279.999974566894,279.99968637947643,0.00028818741759550903,279.9999965134264,279.9997083273577,0.00028818606870117947,167.2312280225739,167.21177189740428,0.019456125169625693,279.99953669280956,279.9992484802366,0.00028821257296840486,0.158586404716237,0.15854287114994664,4.3533566290360204e-5
1370.0,280.000028876216,279.99978777246616,0.00024110374982910798,279.99997456689704,279.999733459926,0.000241106971031968,279.99999651342944,279.9997554077622,0.00024110566721446958,167.2312280225739,167.21177189740428,0.019456125169625693,279.9995366928126,279.9992955650001,0.00024112781250096305,0.15858640471444874,0.15854585990771072,4.0544806738013195e-5
1380.0,280.00002887622026,279.9998306503833,0.00019822583698214657,279.9999745669013,279.9997763380336,0.00019822886770270998,279.99999651343376,279.9997982857865,0.00019822764727450704,167.23122804789367,167.19815016692422,0.03307788096944364,279.99953669281683,279.9993384469903,0.00019824582653882317,0.1585864047129942,0.15854830282695512,3.810188603908804e-5
1390.0,280.00002887622253,279.9998714906965,0.00015738552605171208,279.9999745669036,279.99981717859555,0.00015738830802547454,279.99999651343603,279.99983912624253,0.00015738719349656094,167.23122804789367,167.19815016692422,0.03307788096944364,279.9995366928191,279.9993792912183,0.00015740160080213172,0.1585864047184801,0.15854670483655917,3.9699881920929325e-5
1400.0,280.0000288762206,279.9999118820278,0.00011699419280830625,279.99997456690164,279.9998575702172,0.00011699668442588518,279.9999965134341,279.99987951774256,0.00011699569154188794,167.23122803130994,167.14630002500232,0.08492800630762076,279.99953669281723,279.9994196864454,0.0001170063718518577,0.15858640472294222,0.15854540191153332,4.100281140889672e-5
1410.0,280.0000288762173,279.99995758201703,7.129420026785738e-5,279.9999745668983,279.99990327053473,7.129636355784896e-5,279.9999965134308,279.9999252179218,7.129550897388981e-5,167.23122803130994,167.14630002500232,0.08492800630762076,279.9995366928139,279.9994653908397,7.130197417382078e-5,0.15858640472220356,0.15853069659594074,5.570812626282118e-5
1420.0,280.0000288762147,280.00001260169154,1.6274523147785658e-5,279.9999745668956,279.999958290588,1.6276307633233955e-5,279.9999965134281,279.9999802378165,1.6275611585570005e-5,167.23122803130994,166.80869053710626,0.4225374942036808,279.99953669281126,279.9995204158102,1.6277001066100638e-5,0.15858640472160276,0.15851872415950682,6.768056209593976e-5
1430.0,280.0000288762125,280.0001133324283,-8.445621580221996e-5,279.9999745668935,280.00005902179487,-8.445490135500222e-5,279.999996513426,280.00008096882755,-8.445540152024478e-5,167.23122803130994,166.80869053710626,0.4225374942036808,279.9995366928091,279.99962115611214,-8.446330303968352e-5,0.15858640472111413,0.1584201382174327,0.00016626650368142815
1440.0,280.0000288762109,280.0002849623356,-0.0002560861247502544,279.9999745668919,280.0002306524058,-0.0002560855138540319,279.9999965134244,280.0002525991428,-0.00025608571843349637,167.23122803130994,167.7404153485039,-0.5091873171939483,279.9995366928075,279.99979280228024,-0.0002561094727298041,0.1585864047207166,0.15833988286821749,0.0002465218524991264
1450.0,280.0000288762096,280.00040332346873,-0.00037444725910518173,279.99997456689067,280.0003490144791,-0.0003744475884559506,279.9999965134231,280.0003709608218,-0.00037444739865577503,167.23122803130994,167.7404153485039,-0.5091873171939483,279.9995366928062,279.9999111749087,-0.00037448210247248426,0.1585864047203933,0.1585198129697136,6.659175067968981e-5
1460.0,280.0000288762086,280.0003799395631,-0.0003510633545147357,279.99997456688965,280.00032563140695,-0.0003510645173037119,279.9999965134221,280.0003475774049,-0.00035106398280504436,167.23122801921141,166.4412004670989,0.7900275521125195,279.99953669280524,279.99988778930293,-0.0003510964976953801,0.1585864047201304,0.15866636981164872,-7.996509151833586e-5
1470.0,280.0000288762093,280.00039566684444,-0.00036679063515521193,279.99997456689033,280.0003413592622,-0.0003667923718921884,279.9999965134228,280.0003633050285,-0.00036679160569974556,167.23122801921141,166.4412004670989,0.7900275521125195,279.9995366928059,279.9999035183078,-0.0003668255018851596,0.15858640471672988,0.15844364952375525,0.00014275519297463068
1480.0,280.00002887621247,280.00058030921593,-0.0005514330034657178,279.9999745668935,280.00052600233937,-0.000551435445856896,279.99999651342597,280.00054794781755,-0.0005514343915820064,167.23122803524086,168.06744731222267,-0.836219276981808,279.99953669280904,280.0000881781318,-0.0005514853227737149,0.158586404713964,0.1582622070051426,0.0003241977088214165
1490.0,280.00002887621577,280.00070809857044,-0.0006792223546767673,279.9999745668968,280.0006537926985,-0.000679225801661687,279.99999651342927,280.00067573776073,-0.0006792243314635016,167.23122803524086,168.06744731222267,-0.836219276981808,279.9995366928124,280.00021597990883,-0.0006792870964318354,0.15858640471593632,0.15854262167796518,4.378303797114569e-5
1500.0,280.00002887621747,280.00061727443074,-0.0005883982132672827,279.99997456689846,280.00056296936225,-0.0005884024637907714,279.9999965134309,280.0005849140975,-0.0005884006665723973,167.23122803524086,166.7602116145939,0.47101642064694715,279.99953669281405,280.00012514781986,-0.0005884550058112836,0.15858640471754054,0.15877106811964703,-0.00018466340210648857
1510.0,280.0000288762178,280.0005070278917,-0.00047815167386033863,279.9999745668989,280.00045272313497,-0.000478156236056293,279.99999651343137,280.0004746677548,-0.0004781543234457786,167.23122803524086,166.7602116145939,0.47101642064694715,279.99953669281444,280.0000148912061,-0.00047819839164731093,0.15858640471884533,0.1586128457491012,-2.6441030255869302e-5
1520.0,280.0000288762172,280.00052173825577,-0.0004928620385840077,279.9999745668983,280.00046743363555,-0.0004928667372610107,279.99999651343074,280.00048937821254,-0.0004928647817905585,167.23122803524086,167.47648961264713,-0.24526157740626786,279.9995366928138,280.00002960298724,-0.0004929101734205688,0.1585864047199066,0.1584838387501133,0.00010256596979330013
1530.0,280.0000288762158,280.0005514343706,-0.0005225581547847469,279.99997456689687,280.0004971299485,-0.0005225630516179081,279.9999965134294,280.00051907445305,-0.0005225610236720968,167.23122803524086,167.47648961264713,-0.24526157740626786,279.99953669281246,280.0000593019766,-0.0005226091641361563,0.15858640472076985,0.1585674194852474,1.898523552243403e-5
1540.0,280.0000288762139,280.00051626844765,-0.0004873922337651493,279.9999745668949,280.0004619641672,-0.0004873972723089537,279.9999965134274,280.0004839086218,-0.00048739519439777723,167.2312280243718,167.5042083886559,-0.2729803642841091,279.99953669281047,280.0000241328848,-0.0004874400743233309,0.15858640472147198,0.15863556858784017,-4.916386636819037e-5
1550.0,280.00002887621275,280.00042759372934,-0.0003987175165889312,279.99997456689374,280.0003732894036,-0.00039872250988537417,279.9999965134262,280.0003952338874,-0.000398720461191715,167.2312280243718,167.5042083886559,-0.2729803642841091,279.99953669280933,279.9999354499399,-0.000398757130597005,0.15858640471918029,0.1586982951913668,-0.00011189047218651549
1560.0,280.0000288762133,280.0002949046136,-0.0002660284002899971,279.99997456689437,280.00024059997816,-0.0002660330837898073,279.9999965134268,280.00026254460226,-0.0002660311754425493,167.2312280243718,168.6150408261641,-1.3838128017922884,279.99953669280995,279.9998027483776,-0.0002660555676357035,0.1585864047173163,0.1587493254158419,-0.0001629206985256093
1570.0,280.0000288762153,280.0000012473012,2.762891409702206e-5,279.99997456689636,279.9999469419491,2.762494727903686e-5,279.99999651342887,279.9999688868846,2.7626544294889754e-5,167.2312280243718,168.6150408261641,-1.3838128017922884,279.99953669281194,279.99950906353774,2.7629274200080545e-5,0.15858640471580016,0.15908320661166805,-0.0004968018958678988
1580.0,280.00002887621844,279.9994662025349,0.0005626736835324664,279.9999745668995,279.99941189559615,0.0005626713033279884,279.9999965134319,279.9994338412119,0.000562672219984961,167.2312280425928,167.2302155293884,0.001012513204386778,279.999536692815,279.9989739684073,0.0005627244077004434,0.158586404714567,0.15935513852881328,-0.0007687338142462752
1590.0,280.0000288762202,279.99890584155224,0.0011230346679553804,279.99997456690124,279.99885153197647,0.0011230349247739468,279.9999965134337,279.9988734787143,0.0011230347193986745,167.2312280425928,167.2302155293884,0.001012513204386778,279.9995366928168,279.9984135540884,0.001123138728360118,0.15858640471836316,0.15921191264307102,-0.0006255079247078632
1600.0,280.000028876219,279.9984771689095,0.0015517073094883926,279.99997456690005,279.99842285609606,0.0015517108039944105,279.9999965134325,279.9984448042018,0.0015517092306822633,167.23122803162468,166.87370483831359,0.3575231933110956,279.99953669281564,279.99798483999854,0.0015518528171014623,0.15858640472145089,0.15909502585798457,-0.0005086211365336879
1610.0,280.0000288762168,279.99819553619756,0.001833340019231855,279.99997456689783,279.99814122000333,0.0018333468945002096,279.9999965134303,279.99816316952393,0.001833343906355367,167.23122803162468,166.87370483831359,0.3575231933110956,279.99953669281336,279.99770317937276,0.001833513440601564,0.1585864047210734,0.15890607477781127,-0.00031967005673785853
1620.0,280.00002887621497,279.9980688134324,0.001960062782586647,279.99997456689596,279.99801449413326,0.001960072762699383,279.99999651342847,279.99803644493943,0.001960068489040623,167.23122803162468,165.1116537548039,2.119574276820771,279.99953669281155,279.9975764431958,0.001960249615763132,0.15858640472076646,0.1587522596768975,-0.00016585495613102852
1630.0,280.0000288762134,279.9982668103725,0.0017620658408645795,279.9999745668945,279.9982124886914,0.0017620782030576265,279.9999965134269,279.9982344404652,0.0017620729616965036,167.23122803162468,165.1116537548039,2.119574276820771,279.99953669281,279.99777445711396,0.0017622356960487195,0.15858640472051674,0.15816340585120156,0.00042299886931518316
1640.0,280.0000288762122,279.9989051390204,0.0011237371917900418,279.9999745668932,279.99885081655043,0.001123750342742369,279.99999651342563,279.9988727686066,0.0011237448190399846,167.23122803162468,168.15073939555882,-0.9195113639341344,279.99953669280876,279.99841284439697,0.0011238484117939151,0.15858640472031363,0.15768417617513283,0.0009022285451807943
1650.0,280.00002887621116,279.9995317713464,0.0004971048647348653,279.99997456689215,279.99947744995706,0.0004971169350937998,279.99999651342455,279.9994994015013,0.0004971119232664023,167.23122803162468,168.15073939555882,-0.9195113639341344,279.99953669280774,279.9990395354134,0.0004971573943635121,0.15858640472014846,0.15809427147321542,0.0004921332469330353
1660.0,280.00002887621025,279.99982004904325,0.00020882716700043602,279.9999745668913,279.99976572957274,0.00020883731855292353,279.9999965134237,279.9997876802631,0.0002088331605705207,167.23122803162468,165.98911286626722,1.2421151653574611,279.9995366928068,279.99932784087804,0.00020885192878949965,0.15858640472001406,0.15842838824113523,0.0001580164788788363
1670.0,280.0000288762095,280.0000914796919,-6.260348237674407e-5,279.99997456689056,280.00003716228,-6.259538946551402e-5,279.9999965134229,280.00005911207415,-6.259865125457509e-5,167.23122803162468,165.98911286626722,1.2421151653574611,279.9995366928061,279.99959929770074,-6.260489465148567e-5,0.1585864047199048,0.15813123301782941,0.0004551717020753743
1680.0,280.00002887620883,280.00057843481846,-0.0005495586096344596,279.9999745668899,280.000524119946,-0.0005495530561461237,279.9999965134223,280.00054606865126,-0.0005495552289858097,167.23122802008606,168.09400156928376,-0.8627735491976978,279.99953669280546,280.0000862992391,-0.0005496064336512063,0.1585864047198159,0.15788911179586856,0.0006972929239473236
1690.0,280.00002887620957,280.0009871222676,-0.0009582460580190855,279.9999745668906,280.0009328105553,-0.0009582436646837778,279.99999651342307,280.00095475791926,-0.0009582444961893088,167.23122802008606,168.09400156928376,-0.8627735491976978,279.99953669280615,280.0004950262831,-0.0009583334769445173,0.15858640471670443,0.15824614298744125,0.000340261729263186
1700.0,280.0000288762127,280.0011071037794,-0.0010782275667224894,279.9999745668937,280.0010527951353,-0.0010782282416244016,279.9999965134262,280.00107474121324,-0.001078227787047581,167.23122803513124,165.86919299786717,1.3620350372640644,279.9995366928093,280.00061502058173,-0.0010783277724613072,0.15858640471417365,0.15853693842255714,4.946629161650673e-5
1710.0,280.0000288762159,280.0012573165024,-0.0012284402865248012,279.99997456689687,280.001203010458,-0.001228443561160475,279.9999965134294,280.0012249554609,-0.0012284420315040734,167.23122803513124,165.86919299786717,1.3620350372640644,279.99953669281246,280.0007652485378,-0.0012285557253335355,0.15858640471607796,0.15818793502500889,0.0003984696910690755
1720.0,280.0000288762174,280.00166740567744,-0.001638529460024074,279.99997456689846,280.00161310235626,-0.0016385354578005717,279.9999965134309,280.0016350462373,-0.0016385328063961424,167.23122803513124,170.10740122451966,-2.8761731893884246,279.99953669281405,280.00117537710577,-0.0016386842917199829,0.15858640471762683,0.15790362681011127,0.0006827779075155582
1730.0,280.0000288762177,280.0017887613917,-0.0017598851740103783,279.9999745668988,280.0017344610185,-0.001759894119686578,279.99999651343126,280.00175640368667,-0.0017598902554141205,167.23122803513124,170.10740122451966,-2.8761731893884246,279.9995366928144,280.0012967457831,-0.0017600529687342714,0.15858640471888663,0.15878774437322485,-0.00020133965433821732
1740.0,280.0000288762171,280.00123315816296,-0.0012042819458883969,279.9999745668982,280.00117885948407,-0.0012042925858963827,279.99999651343063,280.00120080148264,-0.001204288052008451,167.23122803513124,166.96428669764194,0.2669413374892997,279.99953669281376,280.00074109210203,-0.001204399288269542,0.15858640471991137,0.15950789547323813,-0.0009214907533267591
1750.0,280.00002887621577,280.0005151986721,-0.0004863224563109725,279.9999745668967,280.0004608995849,-0.00048633268818321085,279.99999651342927,280.00048284181184,-0.00048632838257844924,167.23122803513124,166.96428669764194,0.2669413374892997,279.99953669281234,280.0000230658417,-0.00048637302933229876,0.15858640472074487,0.15926659267391907,-0.000680187953174205
1760.0,280.0000288762139,280.0000100180081,1.885820580582731e-5,279.99997456689476,279.99995571713583,1.8849758930628013e-5,279.99999651342733,279.999977660168,1.8853259348361462e-5,167.2312280243438,167.0572097028762,0.17401832146759943,279.9995366928104,279.9995178374075,1.8855402913686703e-5,0.1585864047214228,0.1590694613868191,-0.0004830566653963031
1770.0,280.00002887621275,279.9996642236109,0.0003646526018314944,279.99997456689357,279.99960992033937,0.0003646465542033184,279.99999651342625,279.9996318644215,0.0003646490047799489,167.2312280243438,167.0572097028762,0.17401832146759943,279.9995366928093,279.99917200969287,0.0003646831164019204,0.15858640471913285,0.15893351111834092,-0.0003471063992080692
1780.0,280.00002887621343,279.9994356388824,0.0005932373310315597,279.99997456689414,279.9993813330612,0.0005932338329444065,279.99999651342694,279.99940327823896,0.0005932351879778253,167.2312280243438,166.8205437607726,0.41068426357119847,279.99953669280995,279.99894340242787,0.0005932903820848878,0.1585864047172703,0.15882292224145306,-0.0002365175241827444
1790.0,280.0000288762155,279.9993275127582,0.0007013634572672345,279.99997456689624,279.99927320454753,0.0007013623487068799,279.9999965134289,279.99929515073745,0.0007013626914726956,167.2312280243438,166.8205437607726,0.41068426357119847,279.999536692812,279.9988352650013,0.0007014278107249083,0.15858640471575533,0.158670666172463,-8.426145670767382e-5
1800.0,280.0000288762186,279.9993394621889,0.0006894140296935802,279.99997456689937,279.99928515201856,0.0006894148808100908,279.999996513432,279.99930709902657,0.0006894144054285789,167.23122804279538,166.91867453399834,0.3125535087970377,279.99953669281507,279.9988472144835,0.0006894783315942732,0.1585864047145231,0.15854676001343757,3.964470108552831e-5
1810.0,280.0000288762203,279.99943376116124,0.0005951150590703946,279.99997456690113,279.99937944961187,0.0005951172892650902,279.9999965134338,279.99940139718166,0.0005951162521569131,167.23122804279538,166.91867453399834,0.3125535087970377,279.9995366928169,279.9989415214487,0.0005951713681611182,0.15858640471838084,0.158471806876318,0.00011459784206283019
1820.0,280.0000288762191,279.9995811506032,0.0004477256159134413,279.99997456689994,279.99952683828326,0.00044772861667752295,279.9999965134325,279.9995487861528,0.00044772727972031134,167.23122803156238,167.49683730313282,-0.26560927157044034,279.99953669281564,279.99908892412424,0.00044776869140150666,0.15858640472151864,0.15841087179544536,0.00017553292607327964
1830.0,280.00002887621685,279.9997022837536,0.0003265924632387396,279.99997456689766,279.99964797118884,0.0003265957088274263,279.9999965134303,279.9996699191351,0.00032659429518844263,167.23122803156238,167.49683730313282,-0.26560927157044034,279.99953669281336,279.99921006838014,0.0003266244332280621,0.15858640472111218,0.15851346895909393,7.293576201825025e-5
1840.0,280.000028876215,279.9997403927691,0.00028848344589960107,279.99997456689584,279.9996860802006,0.0002884866952399534,279.9999965134284,279.9997080281257,0.00028848530268987815,167.23122803156238,166.74158715052752,0.4896408810348589,279.99953669281155,279.99924818093234,0.0002885118792050889,0.1585864047207816,0.15859704799791655,-1.0643277134958495e-5
1850.0,280.0000288762135,279.99980035885454,0.0002285173589484657,279.9999745668943,279.999746046366,0.0002285205283101277,279.9999965134268,279.9997679942384,0.00022851918839705831,167.23122803156238,166.74158715052752,0.4896408810348589,279.99953669280995,279.99930815258733,0.00022854022262208673,0.15858640472051264,0.15846626310754888,0.00012014161296375336
1860.0,280.00002887621224,279.9999574350355,7.144117671487038e-5,279.999974566893,279.99990312288173,7.14440112687953e-5,279.99999651342563,279.9999250705972,7.144282841409222e-5,167.23122803156238,167.6175704180648,-0.38634238650240604,279.9995366928087,279.9994652434761,7.144933260860853e-5,0.15858640472029395,0.1583597181948335,0.00022668652546045664
1870.0,280.0000288762112,280.00008823685874,-5.9360647526318644e-5,279.9999745668919,280.0000339253574,-5.9358465477998834e-5,279.9999965134246,280.0000558727842,-5.9359359568134096e-5,167.23122803156238,167.6175704180648,-0.38634238650240604,279.9995366928077,279.9995960577845,-5.936497683478592e-5,0.158586404720116,0.1585035992405683,8.280547954769846e-5
1880.0,280.00002887621037,280.00010418169757,-7.530548720069419e-5,279.99997456689107,280.0000498708694,-7.530397834898395e-5,279.99999651342375,280.0000718180034,-7.530457963866866e-5,167.23122803156238,166.9434326036248,0.2877954279375672,279.9995366928069,279.99961200447285,-7.531166596663752e-5,0.15858640471997124,0.15862082333939834,-3.441861942710123e-5
1890.0,280.0000288762096,280.00010799183104,-7.911562141771356e-5,279.9999745668904,280.0000536815145,-7.911462409992964e-5,279.999996513423,280.000075628431,-7.911500796353721e-5,167.23122803156238,166.9434326036248,0.2877954279375672,279.99953669280603,279.99961581521353,-7.9122407498744e-5,0.15858640471985352,0.15853874988407804,4.765483577548468e-5
1900.0,280.00002887620906,280.00017414930807,-0.00014527309900813634,279.9999745668899,280.0001198394803,-0.0001452725904300678,279.99999651342245,280.0001417861918,-0.00014527276937315037,167.23122802029312,167.4624263596225,-0.2311983393293815,279.9995366928056,279.9996819790669,-0.00014528626132914724,0.15858640471975777,0.15847183691589375,0.000114567803864013
1910.0,280.00002887620985,280.00022872093143,-0.0001998447215783017,279.9999745668906,280.00017441165375,-0.00019984476313084087,279.99999651342324,280.00019635813464,-0.0001998447114033297,167.23122802029312,167.4624263596225,-0.2311983393293815,279.9995366928063,279.99973655605163,-0.00019986324531373612,0.1585864047167117,0.15855400072327228,3.2403993439428236e-5
1920.0,280.00002887621287,280.00021853250024,-0.00018965628737532825,279.9999745668937,280.0001642236979,-0.00018965680419569253,279.9999965134263,280.00018616998244,-0.00018965655613101262,167.23122803523552,167.21533519486593,0.015892840369588157,279.99953669280933,279.9997263669396,-0.00018967413029713498,0.15858640471423413,0.1586209498441827,-3.4545129948576614e-5
1930.0,280.0000288762159,280.00018633435917,-0.00015745814329193308,279.9999745668968,280.0001320258598,-0.00015745896297403306,279.9999965134294,280.00015397202384,-0.00015745859445814858,167.23122803523552,167.21533519486593,0.015892840369588157,279.99953669281246,279.99969416597486,-0.00015747316240322107,0.1585864047161546,0.15861037481701074,-2.397010085614104e-5
1940.0,280.00002887621736,280.00016353630474,-0.0001346600873830539,279.99997456689835,280.0001092279742,-0.00013466107583326448,279.99999651343086,280.000131174074,-0.0001346606431411601,167.23122803523552,167.29993972235312,-0.06871168711759879,279.999536692814,279.99967136589737,-0.00013467308338022121,0.15858640471771662,0.15860171474309484,-1.5310025378217906e-5
1950.0,280.0000288762177,280.00013851302185,-0.00010963680415443378,279.9999745668987,280.0000842047685,-0.00010963786979800716,279.9999965134312,280.00010615084216,-0.00010963741095793011,167.23122803523552,167.29993972235312,-0.06871168711759879,279.9995366928143,279.9996463403411,-0.00010964752681275058,0.15858640471898713,0.15861693703409857,-3.0532315111436725e-5
1960.0,280.000028876217,280.000102930509,-7.405429198570346e-5,279.999974566898,280.00004862224074,-7.40553427363011e-5,279.9999965134305,280.0000705683268,-7.405489628808937e-5,167.23122803523552,166.6903307358844,0.5408972993511156,279.9995366928136,279.99961075452734,-7.406171374668702e-5,0.15858640472002056,0.1586293385711045,-4.2933851083948316e-5
1970.0,280.0000288762156,280.00012951782594,-0.00010064161034506469,279.99997456689647,280.00007520951067,-0.00010064261419984177,279.99999651342904,280.0000971556223,-0.00010064219327432511,167.23122803523552,166.6903307358844,0.5408972993511156,279.9995366928121,279.99963734425864,-0.00010065144653026437,0.1585864047208611,0.15847899027354903,0.00010741444731207639
1980.0,280.0000288762135,280.0002694058332,-0.00024052961970255637,279.9999745668945,280.00021509769385,-0.000240530799374028,279.999996513427,280.00023704373376,-0.00024053030676896014,167.2312280236594,167.99613100394922,-0.7649029802898042,279.9995366928101,279.9997772453006,-0.00024055249048160476,0.15858640472154478,0.15835656757305624,0.00022983714848853753
1990.0,280.00002887621235,280.00034631686253,-0.0003174406501784688,279.9999745668934,280.0002920091838,-0.00031744229039532,279.99999651342586,280.0003139550297,-0.000317441603840507,167.2312280236594,167.99613100394922,-0.7649029802898042,279.99953669280893,279.99985416374255,-0.0003174709336235537,0.1585864047190519,0.15860064999531054,-1.4245276258650907e-5
2000.0,280.0000288762132,280.0002344066141,-0.00020553040087634145,279.99997456689425,280.00018009923235,-0.00020553233810005622,279.9999965134267,280.00020204495644,-0.0002055315297297966,167.2312280236594,166.86206004972124,0.36916797393817546,279.9995366928098,279.99974224331635,-0.00020555050656412277,0.1585864047170242,0.15879948226884974,-0.00021307755182553567
2010.0,280.0000288762155,280.0001065085401,-7.763232463275926e-5,279.9999745668965,280.0000522010375,-7.763414095052212e-5,279.999996513429,280.00007414681954,-7.763339056054974e-5,167.2312280236594,166.86206004972124,0.36916797393817546,279.99953669281206,279.99961433330503,-7.764049297520614e-5,0.1585864047153749,0.15866274765712843,-7.634294175351553e-5
2020.0,280.00002887621895,280.00008790871993,-5.903250098526769e-5,279.9999745669,280.0000336009569,-5.9034056903328747e-5,279.99999651343245,280.00005554685515,-5.9033422701304517e-5,167.23122804426808,166.90845102924177,0.32277701502630407,279.9995366928156,279.99959573160675,-5.903879116431199e-5,0.15858640471403349,0.15855125527766847,3.514943636501178e-5
2030.0,280.0000288762208,280.00014942788795,-0.00012055166712343635,279.9999745669019,280.0000951199842,-0.0001205530822971923,279.9999965134343,280.000117065945,-0.00012055251067977224,167.23122804426808,166.90845102924177,0.32277701502630407,279.99953669281746,279.9996572563887,-0.00012056357121537076,0.1585864047183705,0.15847278224059527,0.00011362247777521595
2040.0,280.0000288762194,280.0002680609332,-0.00023918471379147377,279.99997456690056,280.000213753145,-0.00023918624441421343,279.9999965134329,280.00023569905665,-0.0002391856237409229,167.2312280314652,167.7619575606273,-0.5307295291621017,279.99953669281604,279.9997759004766,-0.00023920766057017318,0.15858640472189808,0.15840897212157648,0.00017743260032160313
2050.0,280.0000288762169,280.0003321063639,-0.000303230146982969,279.99997456689795,280.00027779892565,-0.00030323202770432545,279.9999965134304,280.0002997446871,-0.000303231256680192,167.2312280314652,167.7619575606273,-0.5307295291621017,279.9995366928135,279.99983995205594,-0.0003032592424574432,0.1585864047213952,0.15858169324605625,4.711475338953219e-6
2060.0,280.00002887621486,280.0002621492766,-0.0002332730617240486,279.9999745668959,280.0002078420911,-0.0002332751951712453,279.99999651342836,280.00022978774643,-0.00023327431807729226,167.2312280314652,166.52340035924223,0.7078276722229759,279.9995366928115,279.999769988644,-0.00023329583251552322,0.15858640472098615,0.15872237609509218,-0.00013597137410603644
2070.0,280.00002887621315,280.00023067516815,-0.0002017989550040511,279.99997456689425,280.00017636799555,-0.00020180110129786044,279.99999651342665,280.00019831364807,-0.0002018002214185799,167.2312280314652,166.52340035924223,0.7078276722229759,279.9995366928097,279.99973851158927,-0.00020181877954428273,0.15858640472065344,0.15851084180217825,7.556291847518604e-5
2080.0,280.0000288762118,280.0003614841525,-0.0003326079407202087,279.9999745668929,280.00030717712593,-0.0003326102330447611,279.9999965134253,280.000329122719,-0.00033260929370726444,167.2312280314652,167.98627350915567,-0.7550454776904587,279.99953669280836,279.9998693327423,-0.00033263993395848956,0.15858640472038282,0.15833850138931044,0.0002479033310723855
2090.0,280.00002887621076,280.000449539224,-0.00042066301324439337,279.99997456689186,280.0003952326466,-0.0004206657547456416,279.99999651342426,280.00041717805084,-0.0004206646265743075,167.2312280314652,167.98627350915567,-0.7550454776904587,279.9995366928074,279.99995739625336,-0.00042070344596822906,0.15858640472016272,0.15858332375622378,3.0809639389450805e-6
2100.0,280.00002887620985,280.0003477088786,-0.0003188326687677545,279.99997456689096,280.0002934026149,-0.000318835723930988,279.99999651342335,280.0003153478891,-0.00031883446575875496,800.0000071559042,166.93138331618687,633.0686238397174,279.9995366928065,279.99985555667274,-0.00031886386625501473,0.1585864047199837,0.1587827921392738,-0.00019638741929009496
2110.0,279.984711150576,280.0437335271967,-0.0590223766207032,279.99073313179707,280.04974022862774,-0.05900709683066907,281.27449516790585,281.3325248020332,-0.05802963412736517,800.0000071559042,166.93138331618687,633.0686238397174,280.4151420457502,280.47383383035464,-0.05869178460443436,0.32679207316614234,0.15866741350995223,0.1681246596561901
2120.0,279.9705222409932,280.15982579270104,-0.18930355170783741,279.9911323340956,280.1804146456496,-0.18928231155399544,282.2640463152092,282.4526881843779,-0.1886418691686913,800.0000069186541,167.40284354125433,632.5971633773997,280.74042715886645,280.92952055688596,-0.18909339801950864,0.4732245959985123,0.15857331129082342,0.3146512847076889
2130.0,279.97316878233886,280.32965030990505,-0.35648152756618856,280.01273851954574,280.3691984538195,-0.3564599342737438,283.0478502010785,283.40390327726067,-0.35605307618214965,800.0000069186541,167.40284354125433,632.5971633773997,281.00980530386585,281.366169796003,-0.3563644921371747,0.6059294274370942,0.15862084938528695,0.44730857805180724
2140.0,279.9937360845873,280.5384327026865,-0.5446966180992376,280.053929891096,280.5986077115916,-0.5446778204956217,283.67638375041093,284.2208145408672,-0.5444307904562606,800.0000066948314,775.2672337672899,24.732772927541532,281.23992485846725,281.7845770226783,-0.5446521642110724,0.7286361648804237,0.15865962759420751,0.5699765372862162
2150.0,280.02950288504195,280.7177510304267,-0.6882481453847618,280.11027563834944,280.7985093173113,-0.6882336789618648,284.1853496404065,284.8734438881432,-0.6880942477366716,800.0000066948314,775.2672337672899,24.732772927541532,281.44030359357333,282.12855936250776,-0.6882557689344253,0.8434565780822344,0.3202587099333922,0.5231978681488422
2160.0,280.0769541398512,280.8458230671276,-0.7688689272764009,280.17723664321124,280.9460958394382,-0.7688591962269697,284.60112624709467,285.3699169738128,-0.7687907267181231,800.0000064760749,763.3121128612548,36.68789361482004,281.61705016585773,282.3859610092778,-0.7689108434200875,0.9517366562655496,0.4607485122295573,0.4909881440359923
2170.0,280.13275608925306,280.94959659729534,-0.8168405080422758,280.25091846780253,281.0677537530767,-0.8168352852741805,284.94363790738555,285.7604502238534,-0.8168123164678605,800.0000064760749,763.3121128612548,36.68789361482004,281.77439703131785,282.5913020796933,-0.8169050483754745,1.0544053988581583,0.5846670598909621,0.4697383389671962
2180.0,280.1940572819266,281.0393575136733,-0.8453002317467053,280.3282155844114,281.173514571369,-0.84529898695763,285.22812978734686,286.07343380878166,-0.8453040214347993,800.0000062596089,799.999432194678,0.0005740649309018409,281.9154405546176,282.76081995454473,-0.8453793999271397,1.1521420806529261,0.6991003901399903,0.45304169051293586
2190.0,280.2585415902635,281.1186509742901,-0.8601093840266003,280.4067547298575,281.26686620089913,-0.8601114710416482,285.4663671356731,286.32649979154655,-0.8601326558734286,800.0000062596089,799.999432194678,0.0005740649309018409,282.0425395870811,282.9027371193684,-0.8601975322873159,1.245465662328374,0.8157270040369268,0.4297386582914472
2200.0,280.32438894770485,281.1892898844821,-0.8649009367772464,280.48477983259085,281.34968553101095,-0.8649056984201025,285.6674875268834,286.53242268115144,-0.8649351542680392,800.0000060443095,800.0000054847069,5.596026539933519e-7,282.15754812423444,283.0225421955155,-0.8649940712810462,1.3347865576169362,0.9255277420591228,0.4092588155578134
2210.0,280.3902059226348,281.25285439415006,-0.8626484715152856,280.5610309383091,281.42368623618626,-0.8626552978771542,285.8386248598234,286.7013127778805,-0.8626879180570768,800.0000060443095,800.0000054847069,5.596026539933519e-7,282.2619598186902,283.12470364873144,-0.8627438300412678,1.4204385051261834,1.0295150375718027,0.3909234675543807
2220.0,280.4549517402975,281.31027555887056,-0.8553238185730834,280.6346357051672,281.489967879996,-0.8553321748287885,285.9853747661395,286.84073953288237,-0.8553647667428663,800.0000058297512,799.9983776852923,0.0016281444588912564,282.35700229759783,283.2124218075135,-0.8554195099156914,1.5026991756054993,1.1284195016213896,0.37427967398410966
2230.0,280.5178700099974,281.362163097049,-0.8442930870515966,280.70501863202446,281.54932115453596,-0.844302522511498,286.1121459285834,286.9564791261164,-0.8443331975329897,800.0000058297512,799.9983776852923,0.0016281444588912564,282.4437012600179,283.2880890974978,-0.8443878374798715,1.581804039313093,1.222793538691592,0.35901050062150097
2240.0,280.5784296755437,281.40896473830094,-0.8305350627572352,280.7718278703868,281.6023730796166,-0.8305452092297969,286.22242745219677,287.0530004042353,-0.8305729520385512,800.0000056158559,799.9999938677877,1.1748068232009246e-5,282.5229255257961,283.35355356122847,-0.830628035432369,1.6579560149651134,1.313071348162743,0.3448846668023704
2250.0,280.63627573463214,281.4510454641488,-0.8147697295166836,280.8348775406464,281.6496578346929,-0.8147802940464999,286.3189935372226,287.13379819830624,-0.8148046610836559,800.0000056158559,799.9999938677877,1.1748068232009246e-5,282.5954196082582,283.4102800033827,-0.8148603951244695,1.7313323756153387,1.3996038100207364,0.3317285655946023
2260.0,280.64755589969906,281.44512991602227,-0.7975740163232103,280.8443935143111,281.64198245945096,-0.7975889451398643,285.0706113153482,285.8680746862908,-0.7974633709426371,2.764477308468875e-6,799.9988405913718,-799.9988378268945,282.187263261625,282.9848821938044,-0.7976189321794322,1.8020898137458932,1.4826805691661755,0.31940924457971764
2270.0,280.5870936187275,281.36252030650627,-0.7754266877787472,280.772901435628,281.5483431491986,-0.7754417135706149,284.0298930315195,284.80512663557306,-0.7752336040535397,2.764477308468875e-6,799.9988405913718,-799.9988378268945,281.7963379887501,282.57177717273623,-0.7754391839861228,1.6818300014399277,1.5625462435399369,0.1192837578999908
2280.0,280.4776208627468,281.22239408359064,-0.7447732208438538,280.64739446047014,281.3921806959698,-0.744786235499646,283.1575532008128,283.9020931495409,-0.7445399487281179,2.2916188840559166e-6,799.9989997286192,-799.9989974370003,281.4271963373256,282.17196514880175,-0.744768811476149,1.5628602843107047,1.6394113806557036,-0.0765510963449989
2290.0,280.33396755703336,281.03973778030183,-0.7057702232684733,280.48551428663825,281.1912946923999,-0.7057804057616295,282.4201794125959,283.1257037024055,-0.7055242898095457,2.2916188840559166e-6,799.9989997286192,-799.9989974370003,281.07952758549305,281.78528462213274,-0.7057570366396817,1.4453342357613357,1.7134591146173854,-0.26812487885604974
2300.0,280.16786118926456,280.8262458109469,-0.6583846216823304,280.30078755397085,280.9591794294467,-0.6583918754758429,281.791970036746,282.4501133240267,-0.6581432872806658,1.9697001679012518e-6,800.0000079991153,-800.0000060294151,280.7531491963239,281.4115167992564,-0.6583676029325147,1.3294317672509213,1.7848508028438717,-0.4554190355929504
2310.0,279.9886340676449,280.5910268833788,-0.6023928157338787,280.10364666442916,280.70604407773635,-0.6023974133071874,281.2530606975844,281.8552269730495,-0.6021662754651516,1.9697001679012518e-6,800.0000079991153,-800.0000060294151,280.44802792751443,281.0504025845279,-0.6023746570134563,1.2153648000568356,1.8537304464692346,-0.638365646412399
2320.0,279.8037886736543,280.34115910966295,-0.5373704360086435,279.902218789751,280.4395915908045,-0.5373728010535501,280.78823830619797,281.3254024105409,-0.5371641043429349,1.7543723819476894e-6,800.000007975593,-800.0000062212206,280.1643026307265,280.7016548776392,-0.5373522469126897,1.1033842919033718,1.9202270263669978,-0.816842734463626
2330.0,279.6194533085755,280.08212630705435,-0.46267299847886534,279.70293986893245,280.16561344724823,-0.4626735783157869,280.3859570152732,280.84844614197385,-0.4624891267006319,1.7543723819476894e-6,800.000007975593,-800.0000062212206,279.90231278741635,280.36496756973054,-0.4626547823141891,0.9937888940203947,1.984457619000551,-0.9906687249801562
2340.0,279.4407534610045,279.8181609551804,-0.3774074941759409,279.51103710108856,279.88844379110265,-0.3774066900140838,280.03758993275665,280.41483623708604,-0.37724630432938966,1.625793565988379e-6,347.6254908034904,-347.6254891776968,279.6626337034967,280.0400221832058,-0.3773884797091114,0.8869354927108637,2.046529025550754,-1.1595935328398903
2350.0,279.27211849564526,279.554171465007,-0.2820529693617573,279.3309127792282,279.6129638832495,-0.2820511040213205,279.7368649991494,280.0187784396705,-0.28191344052106615,1.625793565988379e-6,347.6254908034904,-347.6254891776968,279.4461186464777,279.72815063511894,-0.28203198864122214,0.7832517525980305,2.0039266501227915,-1.220674897524761
2360.0,279.117537577719,279.29412304420987,-0.17658546649084883,279.1664530521517,279.34303582926503,-0.17658277711331039,279.47944359730343,279.65590947064095,-0.17646587333751995,1.5833376453870202e-6,246.29206456139087,-246.29206297805322,279.25394661514406,279.43050770190314,-0.17656108675907944,0.6832504093503686,1.9621387157047032,-1.2788883063543346
2370.0,278.98077203200324,279.04007116366193,-0.059299131658690385,279.02127585174986,279.08057162100897,-0.05929576925910851,279.262606066964,279.3218034694593,-0.05919740249532879,1.5833376453870202e-6,246.29206456139087,-246.29206297805322,279.0876709442042,279.1469405620207,-0.05926961781648288,0.5875442177560467,1.8977054619324663,-1.3101612441764194
2380.0,278.8655218463902,278.7936500561771,0.07187179021309476,278.8989207956844,278.82704504035024,0.07187575533413337,279.0850083818944,279.0130505410629,0.07195784083148737,1.6518246980535287e-6,8.497929568930948e-8,1.5668454023642192e-6,278.94925700208324,278.877348572829,0.07190842925422203,0.49685876155105796,1.8343449478375038,-1.3374861862864458
2390.0,278.7755294723087,278.5569468957671,0.21858257654156432,278.8029678959514,278.58438074909327,0.21858714685811265,278.94646713229594,278.7278120297958,0.2186551025001222,1.6518246980535287e-6,8.497929568930948e-8,1.5668454023642192e-6,278.84108468813974,278.62245618872197,0.2186284994177754,0.41203722302902096,1.713763730666582,-1.301726507637561
2400.0,278.7145827836363,278.3320166121532,0.38256617148306304,278.73704957311475,278.3544781620258,0.382571411088918,278.84771444983875,278.46508724159304,0.38262720824570806,1.9125617372103138e-6,0.009949980669038197,-0.009948068107300987,278.7658717248247,278.3832480468371,0.382623677987624,0.3340262699681401,1.5944354538128407,-1.2604091838447005
2410.0,278.6863536950128,278.11966827850256,0.5666854165102677,278.70469435720776,278.1380029137544,0.566691443453351,278.7900436495514,278.2233068130507,0.5667368365006951,1.9125617372103138e-6,0.009949980669038197,-0.009948068107300987,278.72644962385897,278.15969258848816,0.5667570353708129,0.2638260252224358,1.476509912249592,-1.2126838870271561
2420.0,278.6939974960139,277.92063798594955,0.7733595100643242,278.70892866147386,277.93556217183976,0.7733664896340997,278.7747584146088,278.00135540994256,0.7734030046662497,2.647176221659217e-6,0.0005791078591453146,-0.0005764606829236553,278.7253137420449,277.9518657923228,0.7734479497220832,0.2023839005561723,1.360157044700234,-1.1577731441440617
2430.0,278.739481110857,277.7356454621903,1.0038356486667226,278.7516057704989,277.74776198489565,1.0038437856032374,278.8023842222093,277.79851149623005,1.0038727259792495,2.647176221659217e-6,0.0005791078591453146,-0.0005764606829236553,278.76391277328224,277.75996908777483,1.0039436855074086,0.15042174953926446,1.2455772291336078,-1.0951554795943435
2440.0,278.8227590296389,277.56544682639225,1.25731220324667,278.83258143482135,277.5752597033691,1.2573217314522367,278.87175335876356,277.61440916468257,1.2573441940809857,5.605293648704702e-6,4.701964026610915e-5,-4.141434661740445e-5,278.8417941829824,277.5843516924764,1.2574424905060368,0.10822149282282441,1.1330125924303092,-1.0247910996074847
2450.0,278.94114764690556,277.41088649648725,1.530261150418312,278.94908725010407,277.4188149311216,1.5302723189824974,278.9793085065857,277.4490192892463,1.5302892173394298,5.605293648704702e-6,4.701964026610915e-5,-4.141434661740445e-5,278.955954582518,277.4255386185188,1.5304159639992463,0.0754510596418731,1.0227479693889676,-0.9472969097470945
2460.0,279.0893527236724,277.2729506476907,1.8164020759816708,279.0957568350943,277.2793417035198,1.8164151315745016,279.11907514335655,277.30264792089855,1.8164272224580031,2.0145765668032453e-5,3.5696911185331714e-5,-1.555114551729926e-5,279.1008484096055,277.28426535308404,1.8165830565214378,0.051141031161488645,0.9151237005618622,-0.8639826694003736
2470.0,279.26032685150244,277.1528235324897,2.1075033190127215,279.2654818834899,277.1579633969544,2.1075184865354686,279.28347615248873,277.17594975463754,2.1075263978511884,2.0145765668032453e-5,3.5696911185331714e-5,-1.555114551729926e-5,279.26923071494684,277.16151942773695,2.107711287209895,0.03386078502881499,0.8105472280418847,-0.7766864430130698
2480.0,279.4465989010015,277.0519468175074,2.3946520834940657,279.4507401967225,277.0560706486398,2.3946695480827316,279.46462791901985,277.06995411383815,2.3946738051816965,5.871372315600031e-5,8.418240620129127e-6,5.029548253587118e-5,279.45347514331837,277.05858816980646,2.394886973511916,0.02201682862089456,0.7095071323031494,-0.6874903036822548
2490.0,279.6414493922203,276.9720789680161,2.669370424204203,279.64476970923,276.9753793919333,2.6693903172966884,279.6554897412138,276.98609837511805,2.669391366095738,5.871372315600031e-5,8.418240620129127e-6,5.029548253587118e-5,279.64674031077124,276.9771089885712,2.6696313222000185,0.01412820298620134,0.6125880762019997,-0.5984598732157984
2500.0,279.8395409455554,276.915345773728,2.924195171827421,279.84219770449005,276.91798014203255,2.9242175624574998,279.8504740761541,276.92625828761334,2.924215788540778,229.26883945981473,0.0012921228880007074,229.26754733692673,279.84359316665285,276.9191127561702,2.9244804104826585,0.008983530687690564,0.5204846357280265,-0.511501105040336
2510.0,279.98696324403096,276.8842621144286,3.1027011296023375,279.9890846249078,276.88635864980586,3.1027259751019187,279.9954757478554,276.8927540093675,3.102721738487901,229.26883945981473,0.0012921228880007074,229.26754733692673,279.99004370950723,276.88703996103135,3.103003748475885,0.06153498500518567,0.43400937504688514,-0.37247439004169947
2520.0,280.06663976893094,276.88168734248126,3.1849524264496836,280.0683297670393,276.8833503057591,3.184979461280193,280.07326640069584,276.8882932451425,3.1849731555533367,375.12113347853756,4.532818508092701e-7,375.1211330252557,280.0689551312101,276.8836916780866,3.1852634531234685,0.09900970059542627,0.3540841214037407,-0.25507442080831444
2530.0,280.08727255368035,276.91065279657704,3.1766197571033103,280.08861536791096,276.9119668045476,3.176648563363358,280.0924298221198,276.9157892274336,3.176640594686205,375.12113347853756,4.532818508092701e-7,375.1211330252557,280.0889842642908,276.9120536055766,3.176930658714184,0.1654409555202282,0.28170225402978993,-0.11626129850956174
2540.0,280.0572538382258,276.9739821754097,3.0832716628161165,280.05831748741633,276.97501578960583,3.083301697810498,280.0612661495642,276.9779736680869,3.083292481477258,151.10189334149322,5.807775117798106e-7,151.1018927607157,280.05848801994244,276.97491368629943,3.083574333643014,0.21924058867771215,0.21784004688951553,0.0014005417881966242
2550.0,280.0151837318028,277.0736501135429,2.941533618259882,280.01602310611173,277.0744588083108,2.9415642978009373,280.01830378444134,277.0767495547383,2.9415542297030584,151.10189334149322,5.807775117798106e-7,151.1018927607157,280.0160417973688,277.0742184905109,2.941823306857941,0.2046980851678381,0.1633000111444061,0.04139807402343201
2560.0,279.9840358975474,277.2099437168089,2.774092180738535,279.98469529700077,277.2105723222851,2.774122974715681,279.9864605820642,277.21234818513943,2.7741123969247496,88.44530414023531,7.400151986027351e-7,88.44530340022011,279.9845992642862,277.2102329980966,2.7743662661895883,0.19243858887208126,0.11850233393676692,0.07393625493531435
2570.0,279.96891426585825,277.38071415293206,2.588200112926188,279.96942941148217,277.38119885633506,2.5882305551471063,279.9707970094948,277.3825772518043,2.5882197576904673,88.44530414023531,7.400151986027351e-7,88.44530340022011,279.96924747214507,277.38079080376866,2.588456668376409,0.16558085847360768,0.08328907784357768,0.08229178063003
2580.0,279.9742123469376,277.5811743566637,2.3930379902738537,279.9746120241529,277.58154433467496,2.3930676894779594,279.9756727268763,277.5826158163077,2.393056910568646,158.32561760190364,1.0554529316243039e-6,158.3256165464507,279.9743667445916,277.58109076994856,2.393275974643018,0.14353858764363617,0.05685133692527485,0.08668725071836131
2590.0,279.9882086228252,277.80453378357936,2.183674839245839,279.98851599707876,277.8048125296876,2.183703467391183,279.9893398393566,277.80564693676075,2.183692902595851,158.32561760190364,1.0554529316243039e-6,158.3256165464507,279.98822381446115,277.80433102867715,2.1838927857839963,0.14408649058486978,0.03785448008462287,0.10623201050024692
2600.0,280.00116881941943,278.043251001681,1.9579178177384051,280.0014024840118,278.04345740428664,1.9579450797251639,280.0020435030928,278.0441086048593,1.9579348982335318,193.51805624214234,0.0022470689921033904,193.51580917315025,280.00107512005025,278.0429610545485,1.958114065501718,0.1445263526250214,0.024717646055632293,0.1198087065693891
2610.0,280.0089806715416,278.2902964727087,1.718684198832932,280.0091555234411,278.29044569141723,1.718709832023876,280.00965541976797,278.2909552404157,1.718700179352254,193.51805624214234,0.0022470689921033904,193.51580917315025,280.00880143964883,278.2899440668433,1.7188573728055303,0.1541163264745912,0.015909044449398436,0.13820728202519275
2620.0,280.0090393951124,278.5399361216003,1.4691032735120757,280.0091673445479,278.54004030046156,1.469127044086349,280.00955830574685,278.54044026006835,1.4691180456784991,174.75989437705948,0.0009061384524285954,174.75898823860706,280.00879258310994,278.5395402837403,1.469252299369657,0.16187652022869536,0.01013659554615255,0.15173992468254283
2630.0,280.0053737831113,278.7879490156122,1.2174247674990966,280.0054643433621,278.78801786405916,1.2174464793029642,280.00577121598127,278.78833297761986,1.2174382383614102,174.75989437705948,0.0009061384524285954,174.75898823860706,280.00507367059816,278.7875243179845,1.2175493526136734,0.163251009560377,0.00641448347311338,0.15683652608726362
2640.0,280.00082355102126,279.0314701133929,0.9693534376283424,280.0008843213585,279.0315113791212,0.9693729422373281,280.00112628330567,279.0317607465196,0.9693655367860856,158.63855429868133,0.007021053328018612,158.6315332453533,280.00048151596013,279.0310276732015,0.9694538427586394,0.1643731831117917,0.004040978958115883,0.1603322041536758
2650.0,279.99744041840285,279.26868734142846,0.7287530769743853,279.99747746727286,279.26870719465626,0.7287702726166003,279.99766932060544,279.2689055634661,0.7287637571393475,158.63855429868133,0.007021053328018612,158.6315332453533,279.99706554873956,279.268235605113,0.7288299436265788,0.16103767254492088,0.002539874942527506,0.15849779760239338
2660.0,279.99669824927713,279.4985420800805,0.4981561691966476,279.9967164245179,279.4985454250437,0.49817099947421184,279.99686959208594,279.4987041856932,0.49816540639272944,163.13584279321765,103.78947926420673,59.346363529010915,279.996297830069,279.4980874326256,0.49821039744341533,0.15831786697547834,0.0015940526483408121,0.15672381432713753
2670.0,279.9975276710836,279.69574840802284,0.30177926306078007,279.9975308431606,279.6957391126335,0.30179173052709984,279.9976541401954,279.69586707509876,0.3017870650966188,163.13584279321765,103.78947926420673,59.346363529010915,279.99710736754673,279.6952933493952,0.3018140181515605,0.157289500100369,0.025867690423304817,0.13142180967706418
2680.0,279.9991048402448,279.8513720271161,0.14773281312869813,279.99909609528163,279.8513530691407,0.1477430261409154,279.9991963257547,279.85145707870646,0.14773924704826413,169.66494555982715,281.142622877945,-111.47767731811783,279.9986690475542,279.85091696757564,0.14775207997854523,0.15645387183844306,0.04204417031746322,0.11440970152097985
2690.0,280.0004953523737,279.94863543563605,0.05185991673766921,280.0004771482908,279.94860907868633,0.051868069604495304,280.0005595645622,279.94869446628564,0.051865098276550725,169.66494555982715,281.142622877945,-111.47767731811783,280.0000474433142,279.94817826336066,0.05186917995354179,0.15749400956536733,0.09790998383175015,0.05958402573361718
2700.0,280.0010335795989,279.98654663992573,0.01448693967319059,280.0010078703098,279.98651452990146,0.014493340408364475,280.00107652823533,279.9865854785779,0.014491049657408439,169.1229345371419,194.9558190731144,-25.83288453597251,280.0005761299906,279.9860843404996,0.014491789490989504,0.15833912721613133,0.14006873430521372,0.018270392910917616
2710.0,280.0009681559021,279.99825918063203,0.002708975270081737,280.00093649329193,279.9982225291841,0.0027139641078406385,280.00099452518606,279.9982823114799,0.0027122137061610374,169.1229345371419,194.9558190731144,-25.83288453597251,280.0005031886613,279.9977912181858,0.002711970475502312,0.15888354036908842,0.15090849563652148,0.007975044732566938
2720.0,280.00049109700245,280.0009957153084,-0.0005046183059675968,280.00045471318435,280.0009554561137,-0.000500742929318676,280.0005045381805,280.0010066127166,-0.0005020745360866385,166.64421061383135,214.3231852026851,-47.67897458885375,280.00002020192005,280.00052272708507,-0.0005025251650181417,0.15932643400977262,0.15965320539503114,-0.000326771385258523
2730.0,279.9999821304564,279.9948388435265,0.0051432869298650985,279.99994200345776,279.99479570285365,0.005146300604110365,279.9999854898753,279.99484020332056,0.005145286554750328,166.64421061383135,214.3231852026851,-47.67897458885375,279.99950657936853,279.9943611467399,0.005145432628637536,0.15903385937694048,0.1718753986212298,-0.012841539244289324
2740.0,279.9997149497877,279.9801094708322,0.0196054789554978,279.999671856454,279.9800640075217,0.01960784893225309,279.99971044691887,279.9801033812893,0.019607065629543285,166.44757420353426,177.34998973263455,-10.902415529100296,279.9992357639844,279.9796271531034,0.019608610880993638,0.15879578666108923,0.18190913630842032,-0.023113349647331083
2750.0,279.99966139306036,279.9628481742687,0.03681321879167854,279.9996159503401,279.96280082092517,0.03681512941494702,279.99965075875264,279.9628362545,0.03681450425261801,166.44757420353426,177.34998973263455,-10.902415529100296,279.99917937501624,279.96236168306575,0.03681769195048901,0.15855031027045888,0.18040651485913312,-0.02185620458867424
2760.0,279.999795999242,279.9473393727322,0.05245662650980876,279.99974869691965,279.9472904767167,0.052458220202936445,279.99978058338365,279.9473228852094,0.052457698174237066,167.31825492470395,177.06756143399872,-9.749306509294769,279.999311779689,279.9468494071557,0.05246237253328445,0.15835064570752364,0.1791626945758805,-0.02081204886835686
2770.0,279.99997595732236,279.9333651595577,0.0666107977646675,279.9999271839643,279.9333150025262,0.0666121814381313,279.9999568126871,279.9333450904628,0.06661172222430878,167.31825492470395,177.06756143399872,-9.749306509294769,279.9994900210066,279.932872284491,0.06661773651558178,0.15841758269167358,0.17805928157541093,-0.019641698883737346
2780.0,280.00009740358746,279.92073780927825,0.07935959430921002,280.0000474670006,279.92068661960536,0.0793608473952645,280.00007535107903,279.92071492924384,0.07936042183519021,167.5309598487392,156.94362738269416,10.58733246604504,279.9996101213606,279.92024248259804,0.07936763876256236,0.1584720192669349,0.17714755820116254,-0.01867553893422763
2790.0,280.0001477529885,279.9114390017438,0.08870875124466693,280.0000968968122,279.91138696646,0.08870993035219499,280.00012343267656,279.9114139142465,0.0887095184300506,167.5309598487392,156.94362738269416,10.58733246604504,279.9996594128703,279.91094179456945,0.08871761830084779,0.1585723151755842,0.1710691306998533,-0.012496815524269095
2800.0,280.0001196861245,279.90691562110976,0.09320406501473144,280.00006810305695,279.9068629000763,0.09320520298064139,280.00009359705166,279.9068888028027,0.09320479424894756,167.24782060648675,146.95785156045957,20.28996904602718,279.9996305114494,279.90641718831614,0.09321332313328412,0.1586538913696835,0.16607056290925234,-0.007416671539568848
2810.0,280.0000633332019,279.90739593681485,0.09266739638707122,280.0000111756095,279.9073426684578,0.09266850715169994,280.0000358644743,279.9073677658314,0.09266809864288916,167.24782060648675,146.95785156045957,20.28996904602718,279.99957350184235,279.9068969139625,0.09267658787985056,0.15864566856982404,0.15934313388582313,-0.0006974653159990962
2820.0,280.000015410931,279.91294968373626,0.0870657271947266,279.9999627993512,279.9128959905208,0.08706680883040008,279.99998686600435,279.91292046221537,0.087066403788981,167.12463325204087,144.801386281734,22.323246970306855,279.99952506501415,279.9124506827045,0.08707438230965181,0.15863898000140195,0.15386316850208195,0.004775811499319993
2830.0,279.99998864446457,279.9227737882305,0.07721485623409308,279.99993567425776,279.9227197781516,0.07721589610616775,279.999959260026,279.92274375820875,0.07721550181724979,167.12463325204087,144.801386281734,22.323246970306855,279.9994978966394,279.92227532149343,0.07722257514598141,0.1586010926973763,0.14885440009903986,0.009746692598336437
2840.0,279.9999916750646,279.93615075840773,0.06384091665688629,279.9999384216914,279.9360965262178,0.0638418954736153,279.999961635755,279.9361201141649,0.06384152159012046,167.2079824393703,139.70922762340263,27.498754815967686,279.9995006148031,279.93565325171437,0.06384736308871197,0.15857027556122955,0.144812712222333,0.01375756333889655
2850.0,280.00000831861985,279.952854525425,0.04715379319486601,279.9999548417742,279.9528001537972,0.04715468797695621,279.9999777684838,279.9528234231669,0.04715434531692608,167.2079824393703,139.70922762340263,27.498754815967686,279.9995170151082,279.9523583665773,0.04715864853091034,0.1585671631106871,0.14022952503090833,0.018337638079778784
2860.0,280.0000266052795,279.97262302342585,0.027403581853661763,279.99997295213666,279.9725685853742,0.02740436676248237,279.9999956566779,279.9725915896518,0.027404067026111534,167.2663332117527,145.42344483330572,21.842888378446986,279.9995351118544,279.9721285630948,0.027406548759586258,0.1585646315606403,0.13656123200038503,0.022003399560255266
2870.0,280.000039303632,279.99390019046655,0.006139113165431809,279.9999855114497,279.9938457490378,0.006139762411919492,280.00000804420625,279.99386852721415,0.006139516992107019,167.2663332117527,145.42344483330572,21.842888378446986,279.9995476614158,279.9934076239195,0.006140037496322748,0.15857794143612983,0.13512960540594054,0.023448336030189282
2880.0,280.0000413489754,280.0155044691118,-0.01546312013641682,279.9999874471493,280.0154500755323,-0.015462628383033916,280.00000984707543,280.01547265708615,-0.015462810010717476,167.2453662664166,155.10430645343504,12.141059812981553,279.9995495895657,280.01501387069965,-0.01546428113397269,0.15858876726447368,0.1339899611669924,0.024598806097481274
2890.0,280.0000374873803,280.035944332388,-0.03590684500767338,279.99998349909407,280.0358900261835,-0.035906527089423435,280.0000057963112,280.0359124342643,-0.035906637953075915,167.2453662664166,155.10430645343504,12.141059812981553,279.99954563572726,280.0354556288217,-0.03590999309443532,0.15859205023382233,0.1356131514365862,0.022978898797236136
2900.0,280.0000312741541,280.05419772423363,-0.05416645007954912,279.99997721769546,280.0541435316483,-0.05416631395286231,279.99999943549284,280.0541657862551,-0.05416635076227294,167.22071154845128,183.3209256648947,-16.100214116443425,279.9995393499967,280.0537107369989,-0.054171387002156735,0.15859472053201362,0.136905382838344,0.021689337693669625
2910.0,280.0000261182646,280.06711657051596,-0.06709045225136379,279.99997200806024,280.0670625042388,-0.0670904961785368,279.9999941644443,280.06708462426764,-0.06709045982336193,167.22071154845128,183.3209256648947,-16.100214116443425,279.99953413732123,280.0666308213907,-0.06709668406944047,0.15859039867437477,0.1453224301138894,0.013267968560485371
2920.0,280.00002444543964,280.0727621301462,-0.07273768470656705,279.999970292876,280.0727081830876,-0.07273789021161292,279.9999924017656,280.07273019048927,-0.0727377887236571,167.22437773038556,231.3543881623869,-64.13001043200134,279.999532420265,280.0722769473699,-0.07274452710493051,0.15858688336784552,0.1520801813531851,0.006506702014660415
2930.0,280.00002508020316,280.0674070035917,-0.06738192338855242,279.9999708942669,280.06735315021393,-0.06738225594705227,279.99999296642153,280.06737507054197,-0.06738210412044054,167.22437773038556,231.3543881623869,-64.13001043200134,279.99953302059,280.0669213611735,-0.06738834058353405,0.15858498973789562,0.17019403294922578,-0.011609043211330161
2940.0,280.0000271213736,280.04910035284774,-0.049073231474153545,279.9999729091542,280.0490465416015,-0.04907363244728913,279.99999495289205,280.0490684081274,-0.049073455235372876,167.23395652721624,146.4627632462498,20.77119328096643,279.99953503495215,280.0486130265854,-0.04907799163322579,0.158583449507405,0.18503279097569836,-0.026449341468293364
2950.0,280.00002913936606,280.0301092342653,-0.030080094899233245,279.9999749064537,280.0300554060451,-0.03008049959140635,279.99999692820666,280.03007725244845,-0.030080324241794187,167.23395652721624,146.4627632462498,20.77119328096643,279.999537032006,280.0296201284833,-0.030083096477312665,0.1585847196841284,0.17480906490660703,-0.01622434522247862
2960.0,280.0000301066998,280.0191808556758,-0.019150748976016985,279.99997585749793,280.0191269783524,-0.019151120854473902,279.999997862241,280.0191488245103,-0.01915096226929336,167.23416548140395,182.37351185224074,-15.13934637083679,279.9995379828982,280.0186907029543,-0.019152720056126782,0.158585752812948,0.16637298475575618,-0.0077872319428081704
2970.0,280.0000302229601,280.0108788451302,-0.010848622170101407,279.9999759609357,280.0108249081199,-0.010848947184172175,279.9999979525179,280.010846763114,-0.010848810596087333,167.23416548140395,182.37351185224074,-15.13934637083679,279.99953808623275,280.0103878866689,-0.010849800436176338,0.15858664817040583,0.16893705672865925,-0.010350408558253421
2980.0,280.00002965222905,280.00104485028237,-0.0010151980533237293,279.9999753801114,280.0009908446152,-0.001015464503836938,279.99999736151096,280.00101271575437,-0.0010153542434068186,167.2307073249796,122.36988998217771,44.86081734280188,279.99953750532484,280.00055294049474,-0.0010154351699043218,0.15858737643218565,0.17103978232995753,-0.012452405897771884
2990.0,280.000028948884,279.9967764858218,0.0032524630622106088,279.99997466882155,279.9967224071839,0.0032522616376695623,279.9999966423424,279.9967442989328,0.0032523434095992343,167.2307073249796,122.36988998217771,44.86081734280188,279.99953679399096,279.99628413627966,0.003252657711300344,0.15858705793788236,0.15692066282503722,0.001666395112845137
3000.0,280.00002851476626,280.00347203433626,-0.0034435195699984433,279.9999742284513,280.0034179028676,-0.0034436744163031108,279.99999619587584,280.00343980857787,-0.003443612702028531,167.23007324016965,209.93060846364608,-42.700535223476436,279.9995363536318,280.0029802725787,-0.003443918946913982,0.15858679888230257,0.14543321784340202,0.013153581038900547
3010.0,280.00002836719864,280.0084790443389,-0.008450677140274365,279.999974075964,280.0084248904635,-0.008450814499497028,279.9999960386709,280.00844679875627,-0.008450760085395359,167.23007324016965,209.93060846364608,-42.700535223476436,279.9995362011976,280.007987734977,-0.008451533779407328,0.15858642116103205,0.15916312566042817,-0.000576704499396119
3020.0,280.0000285116978,280.00286376714615,-0.0028352554483603853,279.9999742165936,280.0028095939637,-0.0028353773701041973,279.999996175649,280.00283150498933,-0.0028353293403142743,167.23123155734186,142.81265500522184,24.418576552120015,279.9995363419128,280.0023719273949,-0.0028355854821029425,0.15858611393183125,0.17031548327789847,-0.01172936934606722
3030.0,280.0000287493594,279.99674342951624,0.0032853198431439523,279.9999744512124,279.9966892236836,0.0032852275288064448,279.9999964074412,279.996711144314,0.0032852631271680366,167.23123155734186,142.81265500522184,24.418576552120015,279.9995365766254,279.99625100257816,0.0032855740472541584,0.15858616912862294,0.16172151207241794,-0.0031353429437949998
3040.0,280.0000289348935,279.99731807629087,0.002710858602654298,279.9999746343543,279.9972638389266,0.0027107954277312274,279.99999658839505,279.99728576948314,0.0027108189119076087,167.23164957280224,203.18875554663592,-35.95710597383368,279.9995367598524,279.9968256836448,0.0027110762076176798,0.15858621402432502,0.15470548864204045,0.0038807253822845666
3050.0,280.0000290301358,279.9962499979904,0.0037790321454167497,279.9999747277162,279.9961957384264,0.0037789892897990285,279.99999668006285,279.99621767554584,0.003779004517014073,167.23164957280224,203.18875554663592,-35.95710597383368,279.999536853285,279.99575749554486,0.003779357740143041,0.1585863606425657,0.16490426578829884,-0.0063179051457331326
3060.0,280.0000290098236,279.9876623804705,0.01236662935309596,279.99997470592564,279.9876080911406,0.0123666147850372,279.9999966569607,279.9876300386251,0.012366618335590829,167.23129475897719,164.71010682087527,2.5211879381019173,279.999536831548,279.98716906725514,0.01236776429288966,0.15858647989822625,0.17323237409118877,-0.014645894192962527
3070.0,280.00002894045457,279.9776007206188,0.022428219835774144,279.99997463539455,279.9775463834896,0.022428251904955232,279.9999965854143,279.9775683494538,0.02242823596048993,167.23129475897719,164.71010682087527,2.5211879381019173,279.9995367610593,279.97710644875644,0.022430312302844868,0.15858648344334733,0.16989985285179518,-0.011313369408447849
3080.0,280.00002887103153,279.97037095213403,0.029657918897498803,279.99997456505815,279.9703165571155,0.029658007942657605,279.99999651429164,279.9703385460742,0.029657968217463804,167.23108513245376,188.00907250583074,-20.777987373376988,279.99953669075876,279.9698759789149,0.0296607118438601,0.15858648632686165,0.1671628187988613,-0.008576332471999654
3090.0,280.000028826285,279.9628607975781,0.03716802870690117,279.99997451959376,279.9628063407949,0.037168178798879126,279.9999964682185,279.9628283545022,0.03716811371629092,167.23108513245376,188.00907250583074,-20.777987373376988,279.9995366453265,279.96236509614397,0.03717154918251708,0.1585864334586598,0.17107325019321876,-0.012486816734558953
3100.0,280.00002882340044,279.95282734981134,0.047201473589097986,279.999974516145,279.9527728234997,0.047201692645330695,279.9999964642983,279.95279486533843,0.04720159895987308,167.2311806547155,147.01174389914422,20.21943675557128,279.9995366419083,279.9523306821636,0.04720595974470143,0.15858639045696474,0.17428497387820233,-0.01569858342123759
3110.0,280.0000288421816,279.94537145215486,0.05465739002676173,279.99997453448293,279.9453168488718,0.05465768561111872,279.9999964822712,279.94533892202304,0.054657560248131176,167.2311806547155,147.01174389914422,20.21943675557128,279.999536660274,279.9448740513336,0.05466260894036168,0.1585863806400762,0.16608728205470943,-0.007500901414633221
3120.0,280.000028867581,279.94426393351455,0.05576493406647387,279.99997455953417,279.9442092606302,0.05576529890396387,279.9999965070397,279.94423136187584,0.055765145163888974,167.23127248100172,131.4377545730069,35.79351790799481,279.9995366853493,279.9437663918545,0.05577029349478835,0.15858637265526096,0.1593710001997721,-0.0007846275445111406
3130.0,280.0000288873589,279.950114736648,0.049914150710890226,279.9999745790386,279.9500600153386,0.049914563700042436,279.99999652632516,279.9500821355891,0.049914390736034875,167.23127248100172,131.4377545730069,35.79351790799481,279.99953670487383,279.9496177094904,0.04991899538345024,0.15858639034675642,0.14980205025053528,0.008784340096221144
3140.0,280.0000288928494,279.96325009333503,0.0367787995143658,279.99997458431443,279.96319535818355,0.03677922613087503,279.9999965314312,279.9632174827173,0.036779048713867724,167.23125247349066,149.56843714966107,17.66281532382959,279.9995367101651,279.9627542741423,0.03678243602280418,0.1585864047365831,0.1420696211841053,0.016516783552477793
3150.0,280.0000288894607,279.97985335277247,0.020175536688213924,279.9999745807571,279.97979864436485,0.02017593639226334,279.9999965277424,279.9798207560591,0.020175771683284438,167.23125247349066,149.56843714966107,17.66281532382959,279.9995367066198,279.97935908542445,0.020177621195330175,0.15858641117113054,0.14061396746395366,0.017972443707176877
3160.0,280.0000288812963,279.9969674968612,0.003061384435113723,279.99997457246036,279.99691285027586,0.0030617221844977394,279.9999965193437,279.9969349345404,0.003061584803333517,167.2312157713004,157.44369510325433,9.787520668046085,279.9995366983324,279.99647484728075,0.003061851051654685,0.1585864164048331,0.13944893360114036,0.019137482803692735
3170.0,280.00002887370323,280.0133541497198,-0.013325276016587395,279.9999745647634,280.0132995922283,-0.013325027464873074,279.9999965115678,280.0133216379162,-0.013325126348377125,167.2312157713004,157.44369510325433,9.787520668046085,279.999536690643,280.0128630654001,-0.01332637475707088,0.15858641099479917,0.14057913739661537,0.0180072735981838
3180.0,280.0000288705125,280.0281494894446,-0.028120618932121033,279.9999745614911,280.0280950388672,-0.028120477376091912,279.9999965082343,280.02811703891746,-0.028120530683168,167.23121714368355,177.16090176192412,-9.929684618240572,279.99953668737726,280.0276598324077,-0.028123145030463093,0.15858640659441076,0.14148335607311766,0.0171030505212931
3190.0,280.0000288706228,280.0391848832162,-0.03915601259336654,279.99997456153733,280.0391305477264,-0.03915598618908689,279.99999650823315,280.03915249918776,-0.03915599095461175,167.23121714368355,177.16090176192412,-9.929684618240572,279.99953668742904,280.03869631044046,-0.039159623011414624,0.15858640337671542,0.14737599496062262,0.011210408416092804
3200.0,280.0000288731624,280.0450873223018,-0.04505844913938972,279.99997456402656,280.0450330962059,-0.04505853217932554,279.9999965106858,280.0450550020005,-0.04505849131470541,167.23123074395815,174.25499042401583,-7.02375968005768,279.9995366899231,280.04459935507407,-0.04506266515096513,0.15858640075952135,0.15211767008337357,0.0064687306761477825
3210.0,280.00002887600937,280.0473930271733,-0.0473641511639471,279.99997456683394,280.04733889544485,-0.04736432861091089,279.99999651346474,280.0473607623558,-0.04736424889108548,167.23123074395815,174.25499042401583,-7.02375968005768,279.99953669273447,280.04690532411996,-0.04736863138549552,0.15858640221293965,0.15518582915157517,0.003400573061364487
3220.0,280.00002887763003,280.0472420384066,-0.04721316077655047,279.99997456842374,280.0471879822904,-0.04721341386664335,279.99999651503236,280.047209818537,-0.04721330350463404,167.23123243787109,172.6717358593814,-5.4405034215103285,279.9995366943273,280.04675436199744,-0.047217667670167884,0.15858640339511437,0.1576730258978754,0.0009133774972389652
3230.0,280.00002887808654,280.0453830598694,-0.0453541817828409,279.999974568856,280.0453290597425,-0.04535449088655241,279.9999965154475,280.0453508737717,-0.04535435832423218,167.23123243787109,172.6717358593814,-5.4405034215103285,279.999536694762,280.0448952414024,-0.04535854664038652,0.15858640480282626,0.15927670560636198,-0.000690300803535715
3240.0,280.0000288774515,280.0423849669668,-0.04235608951529457,279.9999745682018,280.0423310042756,-0.04235643607376005,279.9999965147801,280.04235280395693,-0.04235628917683698,167.231227753191,177.98893152603702,-10.757703772846014,279.9995366941097,280.04189689108205,-0.0423601969723677,0.15858640594782447,0.16058156936614593,-0.001995163418321455
3250.0,280.00002887651027,280.0379209676546,-0.03789209114432879,279.99997456724566,280.03786702506676,-0.03789245782110129,279.99999651381364,280.0378888176619,-0.037892303848252595,167.231227753191,177.98893152603702,-10.757703772846014,279.999536693155,280.0374324895756,-0.0378957964206279,0.15858640564523882,0.16304638336136057,-0.004459977716121749
3260.0,280.00002887583486,280.0317990777178,-0.0317702018829209,279.99997456655854,280.0317451376992,-0.031770571140668835,279.99999651311873,280.0317669304988,-0.03177041738007347,167.2312263800216,163.40113846692586,3.8300879130957526,279.99953669246906,280.0313100344706,-0.031773342001542915,0.15858640539912314,0.16505806368209708,-0.006471658282973941
3270.0,280.00002887553063,280.02607507215265,-0.026046196622019124,279.99997456624516,280.0260211190384,-0.026046552793218325,279.9999965127991,280.02604291848274,-0.026046405683644025,167.2312263800216,163.40113846692586,3.8300879130957526,279.99953669215665,280.02558549158294,-0.02604879942629168,0.15858640483725925,0.16285301425785667,-0.0042666094205974225
3280.0,280.00002887566416,280.0222314281947,-0.02220255253052983,279.9999745663714,280.022177453459,-0.022202887087587442,279.9999965129205,280.0221992628967,-0.022202749976202085,167.23122786614815,167.8229137926283,-0.5916859264801531,279.99953669228375,280.0217414800474,-0.02220478776365553,0.158586404380253,0.16105256042892407,-0.0024661560486710643
3290.0,280.0000288759668,280.0193930688715,-0.01936419290473168,279.99997456666836,280.0193390695496,-0.01936450288121705,279.9999965132137,280.0193608899672,-0.019364376753458146,167.23122786614815,167.8229137926283,-0.5916859264801531,279.99953669258133,280.01890284491617,-0.019366152334839626,0.15858640439996663,0.16075018813884953,-0.0021637837388829018
3300.0,280.00002887624123,280.01689821946405,-0.01686934322282241,279.99997456693836,280.01684419461037,-0.01686962767200839,279.9999965134808,280.0168660261772,-0.016869512696359834,167.2312286065476,168.82688344992096,-1.595654843373353,279.9995366928519,280.01640775096894,-0.016871058117033044,0.1585864044160012,0.16050378996347212,-0.0019173855474709234
3310.0,280.0000288764062,280.0145760669929,-0.014547190586711167,279.9999745670999,280.0145220165367,-0.014547449436804527,279.99999651364004,280.0145438590949,-0.014547345454843708,167.2312286065476,168.82688344992096,-1.595654843373353,279.9995366930138,280.01408536991596,-0.01454867690216588,0.15858640462405735,0.16056765556678446,-0.0019812509427271086
3320.0,280.0000288764059,280.0123005067125,-0.012271630306599945,279.9999745670969,280.0122464308003,-0.012271863703404051,279.99999651363527,280.0122682841414,-0.012271770506117718,167.23122818416144,163.91874025220704,3.3124879319543936,279.9995366930111,280.01180958539743,-0.012272892386306467,0.158586404793285,0.16061968815166178,-0.0020332833583767695
3330.0,280.0000288763254,280.0106405102605,-0.010611633935070586,279.99997456701425,280.0105864096176,-0.010611842603339028,279.9999965135513,280.0106082733168,-0.010611759765481565,167.23122818416144,163.91874025220704,3.3124879319543936,279.99953669292876,280.010149421863,-0.010612728934233928,0.1585864048196782,0.1593685548335479,-0.0007821500138696924
3340.0,280.0000288762279,280.00999557783837,-0.00996670161049451,279.99997456691494,280.0099414552964,-0.009966888381484296,279.999996513451,280.0099633280538,-0.00996681460281934,167.2312278461922,161.72426184598564,5.506966000206575,279.9995366928297,280.0095044179155,-0.009967725085800794,0.15858640484114583,0.15835009449604512,0.00023631034510071536
3350.0,280.0000288761566,280.010405271071,-0.010376394914430875,279.9999745668425,280.0103511312358,-0.010376564393254739,279.99999651337777,280.0103730110277,-0.010376497649929206,167.2312278461922,161.72426184598564,5.506966000206575,279.9995366927574,280.0099141396783,-0.010377446920927014,0.15858640476958927,0.1569438760342767,0.001642528735312565
3360.0,280.0000288761425,280.01187326288624,-0.011844386743746327,279.9999745668274,280.0118191120154,-0.011844545188012034,279.99999651336196,280.0118409961439,-0.011844482781953047,167.23122794549275,161.72612260927767,5.505105336215081,279.9995366927424,280.0113822614115,-0.011845568669059503,0.1585864047113869,0.15580152338982065,0.0027848813215662627
3370.0,280.0000288761616,280.0141584213589,-0.01412954519730647,279.99997456684565,280.01410426656605,-0.014129699720399458,279.9999965133797,280.0141261520063,-0.014129638626627639,167.23122794549275,161.72612260927767,5.505105336215081,279.9995366927608,280.0136676292989,-0.01413093653809483,0.15858640469020127,0.15487496327010497,0.003711441420096301
3380.0,280.0000288761958,280.01706454238933,-0.017035666193521593,279.99997456687925,280.01701039092774,-0.017035824048491577,279.99999651341284,280.0170322746292,-0.017035761216334322,167.2312280848637,165.5204143803681,1.7108137044955924,279.99953669279444,280.0165740211368,-0.017037328342382807,0.1585864046729695,0.15412366335534036,0.0044627413176291375
3390.0,280.00002887622554,280.019987124507,-0.01995824828145487,279.9999745669085,280.0199329829171,-0.01995841600859194,279.9999965134417,280.0199548621608,-0.019958348719057994,167.2312280848637,165.5204143803681,1.7108137044955924,279.9995366928237,280.019496879247,-0.01996018642330455,0.15858640469566254,0.1545129759190181,0.004073428776644433
3400.0,280.00002887623674,280.0224899490285,-0.022461072791770675,279.9999745669193,280.0224358216582,-0.022461254738857406,279.9999965134524,280.0224576946872,-0.022461181234803007,167.23122807096115,165.92879093246293,1.3024371384982203,279.99953669283457,280.02199994316356,-0.022463250328996764,0.1585864047141205,0.15482849572653037,0.003757908987590125
3410.0,280.00002887623515,280.02459962983164,-0.024570753596492523,279.99997456691733,280.0245455190908,-0.0245709521734625,279.9999965134503,280.0245673849769,-0.024570871526577776,167.23122807096115,165.92879093246293,1.3024371384982203,279.99953669283263,280.02410982823613,-0.024573135403500146,0.15858640472547195,0.15519173816697449,0.003394666558497461
3420.0,280.00002887622475,280.0263435957457,-0.02631471952093989,279.9999745669068,280.0262895025619,-0.026314935655079807,279.9999965134396,280.0263113610026,-0.02631484756301461,167.23122801810592,172.9284164927973,-5.697188474691387,279.9995366928222,280.02585396503514,-0.02631727221296387,0.15858640473470492,0.15548630537455485,0.0031000993601500715
3430.0,280.00002887621395,280.0269752089164,-0.026946332702436848,279.9999745668958,280.0269211324976,-0.026946565601804195,279.9999965134285,280.02694298391435,-0.026946470485825103,167.23122801810592,172.9284164927973,-5.697188474691387,279.9995366928112,280.026485645943,-0.02694895313180723,0.1585864047282933,0.15756768905185597,0.0010187156764373262
3440.0,280.0000288762084,280.02599346088493,-0.025964584676557934,279.99997456689016,280.0259393968936,-0.025964830003431416,279.99999651342273,280.0259612432062,-0.025964729783481744,167.23122801810592,182.67391668107456,-15.442688662968635,279.9995366928055,280.02550381381985,-0.025967121014332406,0.1585864047230782,0.15925866630016558,-0.0006722615770873852
3450.0,280.000028876207,280.02265893664617,-0.022630060439155386,279.99997456688857,280.0226048773083,-0.022630310419742727,279.9999965134212,280.0226267218736,-0.02263020845242636,167.23122801810592,182.67391668107456,-15.442688662968635,279.999536692804,280.0221689837904,-0.022632290986393855,0.15858640471883637,0.16320330287376172,-0.0046168981549253585
3460.0,280.000028876209,280.0165172468268,-0.0164883706178216,279.9999745668903,280.01646317929647,-0.01648861240619226,279.99999651342296,280.01648502760054,-0.016488514177581237,167.23122802823067,178.47459717587748,-11.243369147646803,279.99953669280586,280.01602672117804,-0.016490028372174947,0.1585864047153862,0.166422554875734,-0.007836150160347805
3470.0,280.00002887621224,280.0087200148439,-0.008691138631661488,279.99997456689346,280.00866592363144,-0.008691356737983824,279.9999965134261,280.00868778222605,-0.008691268799964291,167.23122802823067,178.47459717587748,-11.243369147646803,279.999536692809,280.0082287545504,-0.00869206174138526,0.15858640471524668,0.16794797401026468,-0.009361569295017996
3480.0,280.0000288762154,280.000123765106,-9.488889060094152e-5,279.99997456689675,280.00006963549527,-9.506859851171612e-5,279.9999965134292,280.0000915105319,-9.49971026784624e-5,167.23122802823067,160.01124464488652,7.219983383344157,279.9995366928122,279.9996316883154,-9.499550316149907e-5,0.1585864047151332,0.16919810355819612,-0.010611698843062928
3490.0,280.0000288762186,279.9930117850438,0.007017091174816414,279.9999745668999,279.9929576057626,0.007016961137253475,279.99999651343234,279.9929795018663,0.007017011566063047,167.23122802823067,160.01124464488652,7.219983383344157,279.99953669281535,279.99251902245817,0.007017670357186034,0.15858640471504087,0.16534643432203497,-0.006760029606994095
3500.0,280.0000288762218,279.9890384550415,0.010990421180281373,279.99997456690295,279.9889842240164,0.010990342886543658,279.9999965134354,279.98900614184714,0.01099037158826377,167.23122804680835,168.8199506500226,-1.5887226032142507,279.9995366928185,279.9885452964569,0.010991396361589523,0.15858640471496574,0.1621943823960396,-0.0036079776810738484
3510.0,280.0000288762226,279.98658306168943,0.013445814533156408,279.9999745669038,279.9865287832681,0.013445783635688713,279.9999965134362,279.9865507207733,0.013445792662878375,167.23122804680835,168.8199506500226,-1.5887226032142507,279.9995366928192,279.98608965048413,0.013447042335087644,0.15858640471979785,0.1619440620093349,-0.003357657289537047
3520.0,280.0000288762198,279.98441547037055,0.015613405849251194,279.9999745669009,279.9843611495702,0.01561341733071231,279.99999651343336,279.98438310447955,0.015613408953811359,167.231228028942,156.6103065073699,10.620921521572114,279.9995366928165,279.98392183581154,0.015614857004948135,0.15858640472372812,0.16173987707361787,-0.0031534723498897466
3530.0,280.0000288762161,279.983885582706,0.016143293510083367,279.9999745668972,279.98383122527497,0.016143341622239404,279.99999651342966,279.9838531950562,0.01614331837345162,167.231228028942,156.6103065073699,10.620921521572114,279.99953669281274,279.9833918789844,0.016144813828361748,0.15858640472221913,0.15835511053023563,0.00023129419198350543
3540.0,280.00002887621383,279.98595019297903,0.014078683234799882,279.9999745668949,279.98589580922857,0.014078757666311503,279.99999651342733,279.9859177894378,0.014078723989541686,167.231228028942,168.54816609676303,-1.3169380678210132,279.9995366928104,279.9854566660157,0.01408002679471565,0.15858640472099172,0.15560144354200534,0.0029849611789863895
3550.0,280.00002887621247,279.98865053987134,0.011378336341124395,279.9999745668935,279.98859614216013,0.011378424733379688,279.9999965134259,279.9886181275419,0.011378385884029285,167.231228028942,168.54816609676303,-1.3169380678210132,279.9995366928091,279.9881572557182,0.01137943709090905,0.15858640471999338,0.156508079594607,0.0020783251253863877
3560.0,280.0000288762119,279.99054633252484,0.009482543687056477,279.99997456689294,279.99049192949104,0.009482637401902139,279.9999965134254,279.9905139164452,0.009482596980205926,167.231228028942,162.32924411581865,4.90198391312336,279.99953669280853,279.99005322115573,0.009483471652799835,0.15858640471918137,0.1572440961411033,0.001342308578078072
3570.0,280.000028876212,279.9925240971684,0.007504779043586041,279.99997456689306,279.99246969440435,0.00750487248870968,279.9999965134256,279.9924916806631,0.007504832762492697,167.231228028942,162.32924411581865,4.90198391312336,279.99953669280865,279.99203116883604,0.007505523972611172,0.15858640471852087,0.1562045669100666,0.0023818378084542735
3580.0,280.00002887621264,279.9952182188924,0.00481065732026309,279.9999745668937,279.99516382208606,0.004810744807627998,279.99999651342614,279.9951858053405,0.0048107080856425455,167.231228028942,167.71910911191551,-0.48788108297350163,279.9995366928093,279.9947255430356,0.004811149773672696,0.15858640471798363,0.15536067679547425,0.003225727922509386
3590.0,280.00002887621366,279.99782190446916,0.002206971744499242,279.9999745668947,279.99776751899583,0.002207047898878045,279.99999651342716,279.9977894970741,0.002207016353054314,167.231228028942,167.71910911191551,-0.48788108297350163,279.99953669281024,279.9973294758497,0.002207216960528058,0.15858640471754673,0.1560945086723871,0.0024918960451596195
3600.0,280.00002887621497,279.9997564172364,0.00027245897854299983,279.99997456689596,279.999702046014,0.00027252088193563395,279.9999965134284,279.9997240178004,0.0002724956279962498,167.231228028942,166.1658664738325,1.0653615551095186,279.99953669281155,279.99926417539314,0.00027251741840927934,0.15858640471719132,0.15669004065907666,0.0018963640581146635
3610.0,280.0000288762165,280.00133656398646,-0.0013076877699518263,279.9999745668976,280.0012822079838,-0.001307641086214062,279.99999651343006,280.0013041731833,-0.0013076597532517553,167.231228028942,166.1658664738325,1.0653615551095186,279.9995366928131,280.0008444765359,-0.0013077837228365752,0.15858640471690225,0.15676466306760814,0.0018217416492941063
3620.0,280.0000288762181,280.00279515976507,-0.002766283546975501,279.99997456689925,280.00274081925613,-0.002766252356877885,279.99999651343165,280.0027627778506,-0.0027662644189376806,167.231228028942,166.95031743738053,0.28091059156147935,279.9995366928147,280.0023032156174,-0.0027665228027444755,0.1585864047166671,0.15682526227780844,0.001761142438858665
3630.0,280.0000288762198,280.0040568472438,-0.004027971024015642,279.99997456690096,280.0040025220878,-0.00402795518681387,279.9999965134334,280.0040244742149,-0.004027960781456841,167.231228028942,166.95031743738053,0.28091059156147935,279.9995366928165,280.00356502813884,-0.004028335322345811,0.1585864047164759,0.15708100763913244,0.0015053970773434566
3640.0,280.0000288762216,280.00507164328053,-0.005042767058910158,279.9999745669028,280.005017332785,-0.005042765882194544,279.99999651343524,280.0050392788017,-0.005042765366454205,167.23122804422084,169.2060056197458,-1.9747775755249677,279.9995366928183,280.0045799259884,-0.005043233170113126,0.15858640471632032,0.15728874470201198,0.0012976600143083383
3650.0,280.0000288762219,280.0056253518434,-0.0055964756214734734,279.9999745669029,280.0055710547035,-0.005596487800630712,279.99999651343535,280.0055929952149,-0.005596481779548412,167.23122804422084,169.2060056197458,-1.9747775755249677,279.9995366928185,280.0051336930666,-0.005597000248144468,0.15858640472021807,0.15805151381091387,0.0005348909093041976
3660.0,280.000028876219,280.00557582844544,-0.0055469522264388615,279.9999745669,280.00552154222555,-0.0055469753255579235,279.9999965134325,280.0055434783007,-0.0055469648681878425,167.23122802828874,170.2466461387583,-3.015418110469568,279.9995366928156,280.0050841709913,-0.005547478175742526,0.15858640472338845,0.15867157339469415,-8.516867130570205e-5
3670.0,280.0000288762157,280.00493778513317,-0.004908908917457211,279.99997456689664,280.00488350654956,-0.004908939652921163,279.9999965134292,280.00490543960376,-0.004908926174550743,167.23122802828874,170.2466461387583,-3.015418110469568,279.9995366928123,280.00444607277524,-0.004909379962953153,0.1585864047217708,0.15945005751666436,-0.0008636527948935602
3680.0,280.0000288762137,280.00373642361205,-0.0037075473983350093,279.9999745668947,280.0036821486623,-0.003707581767571355,279.9999965134272,280.0037040803986,-0.003707566971399956,167.23122802828874,171.87538460483017,-4.644156576541434,279.99953669281035,280.0032446020227,-0.003707909212323557,0.15858640472045504,0.16008364640729408,-0.0014972416868390404
3690.0,280.0000288762129,280.0019194380793,-0.001890561866389362,279.99997456689385,280.00186516229974,-0.0018905954058823227,279.9999965134264,280.0018870946009,-0.0018905811744502898,167.23122802828874,171.87538460483017,-4.644156576541434,279.9995366928095,280.0014274479161,-0.0018907551066149608,0.15858640471938482,0.16102887351177672,-0.0024424687923919053
3700.0,280.0000288762129,279.99946542072183,0.000563455491089826,279.99997456689385,279.9994111390429,0.0005634278509774049,279.9999965134265,279.99943307403254,0.0005634393939430993,167.23122802828874,167.13495091396334,0.09627711432540309,279.9995366928095,279.99897320024985,0.0005634925596496032,0.15858640471851432,0.16179918096749066,-0.00321277624897634
3710.0,280.00002887621355,279.99707284738605,0.002956028827497903,279.99997456689454,279.9970185550017,0.002956011892820243,279.99999651342705,279.99704049467283,0.0029560187542188032,167.23122802828874,167.13495091396334,0.09627711432540309,279.9995366928101,279.99658039951623,0.0029562932938915765,0.15858640471780627,0.16117747025876478,-0.0025910655409585037
3720.0,280.0000288762147,279.99524530801546,0.004783568199229649,279.9999745668957,279.9951910022434,0.004783564652257155,279.99999651342824,279.99521294766566,0.004783565762579656,167.23122802828874,161.2281864668948,6.003041561393928,279.9995366928113,279.9947526836953,0.004784009116008292,0.15858640471723034,0.1606706458255501,-0.0020842411083197565
3730.0,280.0000288762162,279.9945514232274,0.005477452988827736,279.9999745668972,279.9944971038091,0.005477463088084278,279.99999651342983,279.99451905501445,0.005477458415384717,167.23122802828874,161.2281864668948,6.003041561393928,279.99953669281285,279.99405872709,0.005477965722832323,0.15858640471676194,0.15870108035169722,-0.00011467563493527955
3740.0,280.00002887621804,279.99538105270597,0.004647823512073046,279.9999745668991,279.9953267230056,0.004647843893508252,279.99999651343165,279.9953486784876,0.004647834944080387,167.23122803900822,167.07503327953384,0.15619475947437422,279.9995366928147,279.99488842773343,0.004648265081243608,0.158586404716381,0.15709855905922523,0.0014878456571557619
3750.0,280.0000288762189,279.9967219036616,0.003306972557311383,279.9999745669,279.99666756896914,0.0033069979308493203,279.99999651343256,279.99668952642935,0.003306987003213635,167.23122803900822,167.07503327953384,0.15619475947437422,279.9995366928156,279.99622940031435,0.0033072925012334053,0.15858640471889446,0.15733584143740192,0.0012505632814925338
3760.0,280.0000288762178,279.9978269231199,0.0022019530979378032,279.99997456689886,279.99777258750754,0.0022019793913159447,279.9999965134314,279.9977945452079,0.0022019682235168148,167.23122803900822,166.45542984854927,0.7757981904589428,279.99953669281444,279.9973345216725,0.0022021711419597523,0.15858640472093882,0.15752862417653293,0.0010577805444058896
3770.0,280.0000288762152,279.99881153854443,0.001217337670766483,279.99997456689624,279.9987572047172,0.0012173621790338984,279.99999651342875,279.9987791615276,0.0012173519011753342,167.23122803900822,166.45542984854927,0.7757981904589428,279.99953669281183,279.9983192292309,0.0012174635809287793,0.15858640472260177,0.15752211681868125,0.0010642879039205189
3780.0,280.0000288762115,279.9997609518051,0.0002679244063870101,279.9999745668925,279.9997066217126,0.0002679451798712762,279.99999651342495,279.9997285768349,0.00026793659003487846,167.2312280166849,170.98137276101698,-3.75014474433209,279.9995366928081,279.99926873239724,0.0002679604108379863,0.15858640472395433,0.157516828828865,0.0010695758950893253
3790.0,280.0000288762094,280.0001525094644,-0.00012363325498654376,279.9999745668904,280.0000981840765,-0.00012361718609099626,279.99999651342284,280.00012013713575,-0.00012362371290919327,167.2312280166849,170.98137276101698,-3.75014474433209,279.999536692806,279.99966032900016,-0.0001236361941892028,0.15858640471917468,0.1587044697417522,-0.00011806502257752371
3800.0,280.00002887621093,279.9996263250358,0.0004025511751137856,279.999974566892,279.99957200304567,0.0004025638463076575,279.99999651342443,279.9995939546404,0.00040255878406014745,167.23122803083336,162.01191324648582,5.219314784347546,279.99953669280757,279.99913409775945,0.00040259504811501756,0.15858640471528707,0.15967039665046395,-0.0010839919351768867
3810.0,280.0000288762138,279.9994213896915,0.0006074865222558401,279.9999745668948,279.9993670690265,0.0006074978683159316,279.99999651342733,279.99938902006613,0.0006074933612012501,167.23122803083336,162.01191324648582,5.219314784347546,279.9995366928104,279.99892914384503,0.0006075489653767363,0.1585864047158515,0.1580933758127682,0.000493028903083309
3820.0,280.0000288762162,280.0004249228446,-0.0003960466283956521,279.99997456689727,280.0003706042914,-0.0003960373941254147,279.9999965134298,280.000392554441,-0.0003960410112426871,167.23122803083336,176.05430247694915,-8.823074446115783,279.9995366928128,279.99993277087566,-0.0003960780628631255,0.1585864047163106,0.15681097568183444,0.001775429034476167
3830.0,280.0000288762181,280.0007414013835,-0.0007125251653974374,279.999974566899,280.0006870867244,-0.0007125198253561393,279.99999651343165,280.00070903522874,-0.0007125217970838094,167.23122803083336,176.05430247694915,-8.823074446115783,279.9995366928146,280.00024928125913,-0.0007125884445144948,0.15858640471668406,0.15946684883194367,-0.0008804441152596154
3840.0,280.00002887621963,279.99903422871586,0.000994647503773649,279.99997456690056,279.9989799151902,0.000994651710357175,279.99999651343313,279.99900186325254,0.0009946501805870867,167.23122803083336,162.1779434474146,5.053284583418758,279.9995366928162,279.99854195138073,0.0009947414354769535,0.15858640471698782,0.1616279035189536,-0.003041498801965775
3850.0,280.0000288762209,279.997354110655,0.0026747655658709846,279.99997456690176,279.9972997931922,0.0026747737095433877,279.9999965134344,279.9973217429843,0.0026747704500849068,167.23122803083336,162.1779434474146,5.053284583418758,279.9995366928174,279.9968616752487,0.0026750175687197952,0.15858640471723487,0.15973116561279935,-0.0011447608955644784
3860.0,280.0000288762219,279.99717662375144,0.0028522524704612806,279.9999745669028,279.9971223011145,0.0028522657883058855,279.9999965134354,279.99714425313374,0.0028522603016654102,167.23122804250977,169.08009507884069,-1.8488670363309154,279.9995366928184,279.9966841689175,0.002852523900912729,0.15858640471743585,0.15818656200101636,0.00039984271641949065
3870.0,280.0000288762214,279.99738362721394,0.0026452490074575508,279.9999745669023,279.9973293009827,0.002645265919625217,279.9999965134349,279.9973512545199,0.002645258914981241,167.23122804250977,169.08009507884069,-1.8488670363309154,279.99953669281797,279.99689118977074,0.002645503047233433,0.15858640472067473,0.15874822803176566,-0.00016182331109093617
3880.0,280.00002887621844,279.9971558072501,0.002873068968312964,279.99997456689937,279.9971014781644,0.0028730887349865952,279.99999651343194,279.9971234328872,0.002873080544759432,167.2312280275984,155.60644502471928,11.624783002879127,279.999536692815,279.99666334726834,0.0028733455466749547,0.15858640472330918,0.1592050937395874,-0.0006186890162782344
3890.0,280.00002887621525,279.9981465018592,0.0018823743560574258,279.99997456689624,279.9980921709169,0.0018823959793508038,279.9999965134288,279.9981141263887,0.0018823870400979104,167.2312280275984,155.60644502471928,11.624783002879127,279.99953669281183,279.9976541321305,0.0018825606813379636,0.15858640472152447,0.15602790728609361,0.002558497435430851
3900.0,280.0000288762136,280.0015342325906,-0.0015053563769811262,279.9999745668946,280.001479905758,-0.0015053388634100884,279.99999651342716,280.00150185941595,-0.001505345988789486,167.2312280275984,173.6898333527178,-6.458605325119407,279.9995366928102,280.00104217846365,-0.001505485653467531,0.15858640472007282,0.1534483602669275,0.005138044453145307
3910.0,280.00002887621304,280.0046547803616,-0.0046259041485541275,279.9999745668941,280.0046004655439,-0.004625898649806004,279.99999651342665,280.00462241403073,-0.004625900604082744,167.2312280275984,173.6898333527178,-6.458605325119407,279.99953669280967,280.00416302217144,-0.004626329361769876,0.15858640471889207,0.1561150818143873,0.0024713229045047747
3920.0,280.0000288762135,280.0056021372364,-0.005573261022902898,279.99997456689454,280.0055478364783,-0.005573269583749152,279.9999965134271,280.00556977899134,-0.0055732655642373174,167.2312280275984,167.51738417005225,-0.2861561424538479,279.9995366928101,280.00511047460304,-0.005573781792918453,0.1585864047179317,0.1582787198414894,0.00030768487644231013
3930.0,280.00002887621457,280.0055756074288,-0.00554673121422411,279.9999745668957,280.00552131829426,-0.005546751398583183,279.99999651342824,280.00554325594555,-0.005546742517310577,167.2312280275984,167.51738417005225,-0.2861561424538479,279.99953669281126,280.00508394849044,-0.005547255679175578,0.15858640471715058,0.1584115492992795,0.00017485541787107262
3940.0,280.0000288762163,280.0054491945205,-0.0054203183042318415,279.9999745668974,280.0053949142093,-0.005420347311940077,279.99999651342995,280.0054168482389,-0.005420334808945881,167.2312280275984,169.6103352853387,-2.379107257740287,279.99953669281297,280.0049575285625,-0.005420835749532671,0.1585864047165152,0.15851956921772137,6.683549879382689e-5
3950.0,280.0000288762184,280.0050047967625,-0.004975920544097789,279.99997456689954,280.0049505226792,-0.004975955779684682,279.99999651343205,280.0049724542141,-0.004975940782060206,167.2312280275984,169.6103352853387,-2.379107257740287,279.99953669281507,280.004513093057,-0.00497640024195789,0.1585864047159984,0.15915875941431185,-0.000572354698313432
3960.0,280.0000288762208,280.0040940811868,-0.004065204965968405,279.9999745669019,280.0040398102446,-0.004065243342665781,279.9999965134345,280.00406174060447,-0.0040652271699741505,167.23122804437395,169.41541828330276,-2.1841902389288066,279.9995366928175,280.0036022948824,-0.004065602064883933,0.15858640471557808,0.15967886092974704,-0.001092456214168952
3970.0,280.0000288762215,280.0028494786506,-0.0028206024290966525,279.99997456690267,280.00279520748114,-0.002820640578477196,279.9999965134352,280.00281713809034,-0.002820624655157644,167.23122804437395,169.41541828330276,-2.1841902389288066,279.9995366928182,280.0023575770098,-0.0028208841915784433,0.15858640471965466,0.16005089068798722,-0.0014644859683325684
3980.0,280.0000288762191,280.0013746781793,-0.001345801960155768,279.9999745669002,280.0013204035035,-0.001345836603263706,279.99999651343273,280.00134233573385,-0.00134582230111846,167.2312280292557,166.86653487123505,0.36469315802065694,279.9995366928158,280.000882638129,-0.0013459453131758892,0.15858640472297045,0.16035384655879745,-0.0017674418358269994
3990.0,280.00002887621605,280.0000232288645,5.6473515428479e-6,279.99997456689715,279.9999689479141,5.61898303885755e-6,279.9999965134296,279.999990882907,5.630522593946807e-6,167.2312280292557,166.86653487123505,0.36469315802065694,279.9995366928127,279.9995310602424,5.63257026442443e-6,0.15858640472168548,0.1599288619235828,-0.0013424572018973235
4000.0,280.00002887621406,279.99904801106436,0.000980865149699639,279.99997456689505,279.9989937224501,0.0009808444449390663,279.99999651342756,279.9990156607504,0.000980852677173516,167.2312280292557,166.86653487123505,0.36469315802065694,279.99953669281064,279.9985557480036,0.0009809448070541293,0.1585864047206403,0.15958278361401898,-0.0009963788933786688
